Sir Savage,12DanENOgLAsRgt9JVb6fQ,philly drill
Shannon Alece,3Un0HJRfS62m6DiAe4SLEK,
Meloyoung,26B68NjVoVQITKtwIlw1la,
King Poppo,6PLPH7ljap8toabk9zU0RG,
Tell Me A Story Cast,6ULJpLbL7sBDkIQl8h8mvZ,
Rowan Herrera,2pVGw8ZsEt8SVzubR9fluN,
CeeLo Green,5nLYd9ST4Cnwy6NHaCxbj8,atl hip hop
:-$mackaddamzz,1nwVtraa3r63LFun1fhRE2,
Dorian Mcpherson,4r2Xho4IriCf66xXCQAQgn,
MrRead,1wsb4RQrvumL3fWAAUpOGu,
Ksl,1Xq4nwjlEyo7NCTDIdMcyU,
Faremal,2gM4UgnBT5kMfMo0iAULHr,
Blackwater Noi.D.,6pmyfEYZhI5JAn6Xc6PSCD,
"Love, Ulysses",6vVuNtKEn485upFfBuRsGj,
Lil 30,2j0VhndGlmnYzUICJRLMCy,
Sam Salisbury,6Z8RauyThkf4Caksdicow2,
Hurracane,5fpwCsgCdnbromqyi6NbNi,
Timerogue,6lu0HYDKJ9gM0s96mVyWKZ,
Nothing New,2JMoVoZq3lk62PQ51EAMpu,
Los Ilegales del Bravo,0ZiQNQSmanB6vuoaibRoip,deep norteno
Sherwood Marty,68oqXcD3rzLX1T7uDUEBdk,baton rouge rap
Jesus-Divine,3R3f0GDkV3GDkdotKhCmrS,
Mozay Calloway,2Xtbpdp1ykNQVO3G8oZdM6,
Rene Ramirez Y Maduro,6KTFRnm6tChi6OheSZqlJH,
Ray Smith,19itQ3oNntbnKQNGw4AbFh,
Mtb Ent,6BWZJsuAwhK6iEO995AUls,
Kingdsmith,6W2l0a2ScBeq2TDeT1CrbP,
Wes Howes,6GGi1puSL3Rv8RhAOm5mmy,
Mo Bandz,0pwqJw2WEgBmdiMLdViXrs,
Lil Ty,4mtEjp03fTTtAKlE5CwAK3,
Bubby Galloway,6FvW2P9oiLNiBbZ000SINI,
Les B.,1uX6g4PhvEsDjaGKnYLok8,
Lucky Luciano,2v4JjFwbhEkHnXQdMPpyon,chicano rap
The Powell Boyz,5SXH4Oo3pDEmGMJNCIxChE,
Brian Alan Hager,7CnSpNEPorm9nQ0Eb7yqCM,
Rocher,3aQmKr1QtVX8GT4en1mol7,
Aborted,1XRhUgCyzIdeT8d9KMfeDR,belgian death metal
Zinks,0v82ZUsEJQJ09YSip018Em,
Apolooo Dj,6CH5Pk7Wk9oM7VOQuy6OOr,
Empire Strikes Brass,6puUKWNePi9oAm5jcnYpCl,asheville indie
Kunai Chrome,7wp4aWPB62zIVD8yYnKJbU,
Calling Morocco,6V2PDJDxeHDlkztgEhlLss,
Trilly Polk,1n7St6qVOXBuqkf9vUNJjG,
The Click,3s1xcekYgnSkBm8QK1uBYD,gangster rap
LMG JMoe,5tmJgMTUqE0D40UqJKK0fc,
Michi,40vI7ieLn12eA3AcLVlODE,
Only Real,5cyHu7tidauRJ9UawaPwG5,
Michael Whitney Brown,3NlAHfGLPQaNbd5mPL8vuc,
Jackson Capps,74QvCA3TlzCJDGWwzqQr55,
Lucius,1WrqUPWlHN5FXCRcQgrkas,indie folk
Patrick D.J. Williams,6CEoxTi9ZEwAndSRmE7XmD,
Thalia Donaldson,6xntQsMS3i8nOiN0FTrouj,
OakTown,0cMzabFlaPkB8632XqCEox,
P Burg,5xfDxyG3ar5Nrl6JcAewt0,
Brilo,7HG6GDGsbwY7pBDq2my5bh,
Second Story Duo,41awsJ9Gs9Ah8d5uX37r3h,
Chosko,13dQiwJvvDmFPr4le9CnVt,
Lul Jody,2AnT5FjxWk0oUsvNGDowbB,cali rap
Berg Corey,4DiXjWzR6wAfWR4Q2Px9GR,
Q Da Fool,17kq4sCvn1nVcVvWV9Ribi,dmv rap
Danny Shipley,4KhpYUXViTgQcBjt44t1GY,
Project Ririsu!,1OZZq5Q5z9mLSVNwb6EHzE,
Sha.Severe,2uTB4DQN9075R7xA0meIio,
Clipse,2J257euzcjnDLipsyJH3F2,alternative hip hop
2oona Beatz,5gD06wW9T2DWbxHC2DRvHc,
Feeljones,1BAPKNKYY9vCAsoGPs9fHM,
alt!,2JUbvars1Q5hnkRa8IglAa,
Fetticeni Feast'n,2YTPN3TnLPCXpzCVsGUr9K,
Camila Delgado,1Qln8K69DO08SCVGCpU2tQ,
Angelica Martinez,00igdJWCCfoilD0q5PeYVy,
Nevos Tyler,6lVEdwEiwEBRXfGhcK6Flv,
Plu!,6Rrsyqvu6hyRxJnMuzSB1p,
Brisa Martinez,67MwyE5933y5naNIJSorhs,
Daniel Eli,14Tm6AC4ywxIkuMpOCpo31,
PAXSON,6K3yQXRPeRObloSJlYYozS,
Jay Hen Gwoppa,5OfYH9Z57qkDZzbbiNWES9,
The Safes,0jhtuYbMKggEKOb4RIfhsB,
infernal abomination,6NUHmIrpH1q0B9pq48HrgL,
Escudo Armani,5tD8bbgEDBYY3qWJPaNSoE,
David Pomeranz,6SuhlH2L1NB53bBscBqAdu,opm
Mr.Toptierr,0TkgG6IpUEqe1rMnObOXQb,
The Sweetsers,18O72WW10oR4aTqBUTnFNI,
TopMaru,2kbu7N4aqdg4xA0FcHpVYn,
100 Mill Nova,4rH5phqHP3mjl9t2yMhve4,
LaTeel,7DJOlD4GOyVQ32CIv6owv1,
Space of a Day,5nNOI6NL16ypK6js5aiheB,
DC Powerhouse,4pND0uXIlO0hA7SLaWHSGj,
Life In Your Way,2gVRTVZtjJWP90ZXRQHDZE,christian hardcore
KingJa,1b6El8bvKjzqhdlm4W2wPF,
GateCity Music,2vqJHB9LelfE18YIijMYgE,
Lugosi Smile,5t0szyKoLUHvZq0rSSeF8r,
MKE Verified,5lPPTyKMXaSC9VdXDT83My,milwaukee hip hop
cera,33MkYDZlOgGDyTub9aBOaW,
La Movida,4xkT8ctwERXxC4MojdHmHf,tejano
Noob_Memeus,2IeO0DgXkCMFjpOVl8KaJC,
The Fruits,1Hnkbw491mg7EBgdyCPVhy,
Kannev,7po3BHmvAZc5NIeAR6zNtk,
N-Sane,2zOmgdILWDWiEROU4vKA8a,deep happy hardcore
Joe Garrido,0e0sHqtWKqoamYvlvVZYCm,chamorro pop
Little Milton,0MPtuQaV2GiRdLjAkPOaan,blues
Band$,6JuXDWRiL1ORov7eQrClbu,
KATIA LYN,6AUvBYHx1XSGUguHDoHWbg,
Damian tan,4ZZaYtnxtflXyV3oImfbO3,
kidben,0V7HFA9BiV4nOgA6Q4W9GB,
Mert Kültür,6LXMnsRXZLFRRBry3H5Uv4,
Cannaboy,2hgV6EH8Dsr4zWJ2KHijlc,
Cezar Godbody,6zMWfdNkmUX7eW9YFIorGW,
Joyce Moreno,5644bJMU3NkJN0edhyHV3v,bossa nova
Faith in Failure,7GvL1iwKDS4lOtqV35BN09,
Matter and Energy,4nI8wqhtfCFOYX3vvicEN0,background music
Baby Jamo,6zFixzuUUZYLye59Ajwfb0,dmv rap
The Wormdogs,36k4iDdxR7jzdfPNRuG7El,
Prince Choi,21GBMuLoASe2BTjhAETfik,
Johnny Rodriguez & Johnny Bush,3VymRY49IiQNV8k20fA9ym,
Fruition,4dDqxbEKfPN3RZYrGr36y8,deep new americana
XHAIDEN,6Ww77VdxKxFRfrNX7JDlMC,
Damn Librarians,7ztYXA1YYPNGskPXn1A3p5,
Dopeboy Ra,5eJxz230HlWQ0yaOm7DvWv,atl hip hop
G. Champion,6x5EXgF351jczEijY2ynqe,
Poco,0fyqyjD7pbaVzbu94ylWQR,album rock
Solakhyan,0t5ntftaF24V7Youejvl3r,
Mg Sleepy,4Lf9xLId6Ho8TdXSmhllxW,
God's Gift Pete,2mS6BFcYuWAPZIJgfLvXIy,
Mike Brown da Czar,778RVzuwbbyE0brOJ4q0Q5,
ColdWater,617czz01pCp7VqT3q0ozZQ,
Flame,1S5ewTfZSmnpyJhmi1XZKw,
Dyce Jones,5PymFn2zY6JzkeZlemNJUA,
Radio Cult,60blokoOz4YzNS3szRFqCc,
Papa Duck,1EL9yJ4Qw69RSIqE8GwseG,
NYK,1uuSbghLOrbMN0eZqavFUn,
The Kitchen,4NLfBybcns5McaZSyio1oK,
Yom,5ooH20gQVNZi7MVjmKJTec,israelite hip hop
Irene's Entropy,3n0I0WyILDNu35WSGGVPv3,
Sir Nyles,4Ul2zBucS9V3j7YkZRg7Xh,
ilyblyyck,5Alq3zqOKZL8SvwEFpaZOq,
Big Rome,6d5uvfn75SP3QLXrr15ZNW,bay area hip hop
Chris Heifner,0LBk6TuRDJqJ1U8sJM9fUJ,
Savvy Unø,1086T2RCUzmwNtMTajri4X,
Drew Cooper,2y3yXzCO868BrQwptqvjfo,red dirt
Work Music,3O7JbDL7rJi0qlyHKJ82oh,
Flowers On the Grave,2qzDfGIiff8HiI04hjANtD,
Derrol,1rc39ZvAFk7t5PsByX1hjP,lo-fi product
KayFresh,0AR12BdMaoz3cjMX0CTCQY,
Sam Bostic,2efi9WV3Xk78woTKNL7UW6,
Baustelle,02G0wSA5mAINnHX3nTCaHi,italian adult pop
Sherea Daequan,1Gp81UFMt9bAjOLlcs59Ri,
Native American Flute,0VaYChYezacJi7h3aCmcpG,sleep
Act,2AQ2Gybdjs0RDF0BIVV7gb,
Ralphy Davis,5wY7YZCurjPiYRLP1N8GFp,
Jay-T,6WdDInW2k1XRG2eKS3ww6T,
Lil AD,3X6ryh7SJDhpaEZyGfMYIx,
Pankratiy Popov,4HD0NcvPi81NaRWfalReko,
Juárez Mateo,08XPr5O6FWwDf3qIivXUcr,
J57,3Ss72ttauFWT1yydtVIEH8,irish underground rap
SifuGotBeats,1wF9gNYfeHmOQoUaQXQKiM,
Restaurant Jazz Music Collection,62x9O1H8xbIafhCsNdZVDv,
Joe Dreamz,2NDmxCzi63l1WSNMj5oEJj,
IBeDat,5JBWKPoFhYboFtFm3aadzG,
Shabazz PBG,4P5Fg5v3z8uDl7NyzDWGVp,dmv rap
Philly Heat,5CwoB7XzUFMwthLe1YekS6,philly rap
Monterey,74y4YJJdba2l0iR3zpo8jy,traditional funk
Brushville,0i05YFzGvy2pKkCQI6jJ2o,normal indie
Young Martian,1J3IGImV8ahFWyFZSBSZK8,
1KJay,4QihywYm30AusC94u75OcI,
Taylor Dayne,32lVGr0fSRGT6okLKHiP68,hi-nrg
Savage Anc,17IwhKHYKGHs7QE6U4dWvY,
Ludwin Santana,4WTsIy33JrVVnroVa6oOCE,
Dom the Composer,124riAXX6GjRg3962NXhqj,
GOE,26PK1xrvehA1ZbOI2WemwS,
Lil E,0zn6yzsbWj3EPMgOTqfG5k,indiana hip hop
Hemlock,01KMfMVTuZnbrp4o7C1TJA,groove metal
Wnc Whopbezzy,0JW2Wt06NncqOxA905C7Z3,baton rouge rap
Walter Martin,1HvCWUrKX1xKeT3yQXjPeI,
Doctor Dubstep,2WGrVuyp6ov5kRhRKK4Oj0,
Orgullo Guerrerense,5nnmFYAQVCVmMrUoA2P7zJ,
Sons of Vengeance,5hCcEb3nxuLMoflt50VrxW,
North of Tomorrow,6fTiDIuPBspn8DMaNMXJEM,
MadMisaki,1x80mA8w8tpshZwGOtlEt3,
Kape-Hel,1CDGygSKxIPQkqu4jE1jjY,
Fiel A La Vega,66wxdAaC0UG5y6I080pwwP,puerto rican rock
Cameron Nelson,2Ny8UweFbddArUEfbK8Kqr,
Coaltar Of The Deepers,2S5Vk5knCxjALFqlMnULmZ,japanese post-punk
Swagg God Hali,2yqg8PAujyxdZWadkomDBL,
Josh Swish,6DmxOyaAWv0bXau6uGVLbh,
Convergence Zone,6fG6vaaiPEm4g1X3Wq0Qwv,
Bsgreck,427s1bsdnyCisTbBxrgSrq,
NvndDon,2W34Z1DNy7QQ0yVU67soXu,
Jay Tee,2UDXcbtpHcTHCIaHo72NGw,bay area hip hop
Bonafide Suspects,4upQwKkXBfMfkiUPkmU00a,
Kenneth Slone,7FAn4hweGHDG2w0vmXbrj8,
Black Dog Prowl,2lr0R5vHGfI0C489h0r6qV,dc indie
Eviltwin and the Leftbehinds,3LYiGZpdVxlgOHe8nHysM7,
Matty Fresh,1eEoIucR0hYzBiKx6LWed4,
Baldenna tha King,5sEatoqof8AiLMZqJbqGak,
Michael Schenker,0W36oDVidsOqEIAKUJV4dY,german hard rock
Snugsworth,38PIRv5SnPsCwlQzoL1ec4,
Preston Langston,0x5rCxydMC162y5YyR4rIc,
Saca,7GemidcS2u72YJ303WxCQs,
Jelani Kay,1ITHeiVPDFbmH8LRDTq8O8,
Coolness,6GL1tB1d5Lpqq0B6yU9NTz,
King Ace,6Fe0RUsCkVi64STKiuR7nm,chicago rap
Almo,5VGZaEDyRcqGfZdcfwcdoK,
Aki Lo,6mTlrVt3a64nk63skfoAoF,
Wagner Linan,3VTB9pBXWCGjCpUqvz4kdw,
Jack O'Connor,5SekrugZumTpBywikDdrMI,
VENMC,1MaKrDSmq6GXwpD7a99Xe3,
Noriyuki Makihara,3vVDusnDA0LcPH3NvZpoyM,classic j-pop
Sonson,5fqxSk28Yc34R5suBUI4bj,
Promise the Gahd,3oe28XSq0Vx8UqRYOa8W6Y,
Chinese Lantern,2AekgzNAxuKJ9k3Ysi87Xz,
Showtimelock,45MufL0LHykmL28wRlVrfe,
TG,7qwOsGanRCnWgty6lX05P4,
uKnoWho,7qFS9wbkHt8T0SslYIgrD8,
ALSO,7vvH30mFl9Pgn8M82wr3sR,gothic post-punk
55Quan,3w2YJHptJpmp2xOU1T0Ss6,
YenoMason,44PN5d998Qjw5In2BFILut,
Margo Cilker,5E9q1sbVJ2MCiI8MMdPvj7,alternative country
Ólafur,1dELkkfg8Me2Jxh8P9AUnj,
RIVER HOOKS,5BaMJXw2E4A7nZr9q9OMmm,
emulate,0LK9JOFV2oQDAEz4b8g09W,
& Mc Ertan,4ILVKuE37gHWDCx9JQKEZy,
Bharlie,58LKVYhNwUdofHHMqa3uFj,
Bangman,7nDntPhJJ6NMo1lQRlNNus,
Mbakara,397yAWtgt443gECmibCqRY,
Fred Lee Cole,2FRhhedtmj81KL7r9Dto2a,
GreenEyez,2hhPFCuH3egG9D43288o8X,
Grupo Cohesión,3EUBoxvZxECWPBgiIRNMAz,chilena
Juarez B.,5GCxKTbu9Y3HiDbMb3kD3F,
iamamiwhoami,6UOcY6w4K6Ek5Lw5rFDHdP,alternative dance
Los Varones De California,4JtXEZQTssP9XfeaPbi8NF,corrido
YeenIeenFr,6bDxXW4xsMnounweTTA8BQ,
Divine KaHiL,4koo4toakTWBm4cDqGrWO5,
Fast Money Neph,5S6xt4BKn9QZXhBsM3Nclw,
Hamasaki vs Hamasaki,2btLKp8MbJaStla7beMBng,japanese instrumental
Sleep Sounds of Nature,59FRAcMcsHQupc8lupy5uH,environmental
Walter Martin feat. Karen O,2kwgnlIyGVngxKzHZqpBV3,
G Les Anxious,0WhQKfnFifTpJcYY0U5Blo,
Mcaiiah,7k5DYMOdkRE8QS6NqnEql4,
Twenty Bandzz,73IhlEYk0X4xf0Pq2Bv9jr,
Briaunna Addam,7k326SwZRCBYVTsxfiWhsf,
Zo Bandz,1GCPfSR5oKzAEtXBFutDNw,
Lonnie Hunter,2glqJQviC9FrNMPUHNi6aX,praise
Dick Jagger,4h0B4BvuZXMplYng6WlUwi,
Migo Lee,1mP33Jk5fMXnfDDBWPwm25,
Blackjesus Yoshua,2Dy3fOAUcKb7G3NdUcQuEG,
Rob Giano,1yLGtHo9i96MrygaSBLDeU,
Toddler Songs Kids,76lfjOzsF7ZKDKj3YqzwfM,
Drawback,4N3pt9p0afaTIjaC4d5QHf,
Major Lazer,738wLrAtLtCtFOLvQBXOXp,dance pop
Pigface,64mGp5QFpsekCRHe6RqDYz,electro-industrial
24Naro,42CPIi5dpK3IBdLql11v3i,
Finessed,0y4QHcbL9PTUxftcIhBGWY,
Diego Osaze,5jhhQceBwEKPEdyVhOI35w,
Glory,3aF2S6F6TTJby5toSw8eo8,
Volatile,3R0vtRaOjiOcPUdCG10hrk,electro trash
Raimie,19c96y3JOgERiYUZ8JUvbp,
Zara McFarlane,2KwROtmoJfRcQHqDMiV6uo,indie jazz
Pranita Jadhav,2GpzaYoSa65cWWPfWpvnPr,
The Cars,6DCIj8jNaNpBz8e5oKFPtp,album rock
Dinero Costello,2HC27mrJGdF8IUOBUKXCg5,baton rouge rap
Pawan Hansnarayan,5x0bA4OAA4GnSpJjtS3dBs,
Los Falcons,2UODcsr0CoKJoDK8yNJm5V,grupera
Minnie Driver,5rNwd5kb1cxVBCQKnDO4b8,lilith
Rick & Bubba,3kwgO7of3NZcCCNBMFzdXy,
Chilly Chills,3p9w3hyHVCCa2ysaiMVYkl,
Red Lion Mello,3atKjOiyBiBYBr3VF4O4tn,
Jaywonn,3eTv0YTRgkdevqNBsSL9CF,
Diamond K,49EpGlFcfIaIcgPBdOrXOh,bmore
Miguel Bosé,7mWCSSOYqm4E9mB7V4ot6S,latin
Jr. Melancon and The Come Down Playboys,5c27KeeqkvC3mGDti7x5oQ,
Mike Myz,7fDyajLwdCTNNsd3WXUXRs,
HBK Jachi,6J2vpDx717mieJKshTGuc5,
Slaves To Fashion,32v5Cdl9tb2XeqCIfTS176,
LS Thrillz,4oCHNPtanbqkuyre5VESAF,
Jquintana el Imparable,5kYAxgauoNIdy3RvzyxCGz,
Javon Jackson,57vcT3Th6V43bi5Jr5aSZl,
Fabolous,0YWxKQj2Go9CGHCp77UOyy,dance pop
Lucy Bullock,3AQ9OO5qTS3vR3itUxj5jt,
Kissy Sell Out,0rpDUfXxUvzGqZXcKaN89T,fidget house
The Paris Sights,3zpHlpUhM4n8UeGgXpT7Fr,
Bob Gallarza,0Q5K9s13NSrG3U1WlT2uyH,tejano
Rt Taylor,0KFqAWjvBIV1ihv9ndtGFu,
Tha Joker,7JDx2l9hbNg7vlr6eVLbKV,pop rap
Vv Drip,1T85JKdRnOvNIVY6grPxgR,
MoeCarro,5f5iIyHJEnhBTlVk4A3Bc2,
Molly Hatchet,4ZqBwBVB3dsYWL3d5Spi10,album rock
BabyFace Gunna,0lwfj9lWtkPxdIWDU1bRqc,cali rap
Mourning Sects,4reeX7FKsoUpbY59vZ322e,
JayDubbed,46eg3mBJawOUvYTW7NEdmc,
Leatha Enid,2vWjUbMIZD0ba8yCdMk7xX,
Chily Y Topo,3RkToo5dTku7IxdUf2gsiI,
Jon Frank,0LmFGjJwAGxrk7RMbfMlzF,
Bombay Beach Revival,1W7pMXb6n6ZUUM9Axqi9tL,
Diamondboysupply,2l9xBbF625Pk4278B44cPD,
Written to Speak,6VSXq2yYD3n5MFZ5ahIUDZ,
Davonte',0eXRtk1OiMbe7AvnBw9g2T,
Celso Piña,6PmfbeAL7jAauFPNyQ5UPi,chicha
TroyBoi,0tvpihdAsKiNnP6sWS3jUI,bass trap
The Ransom Brothers,5rncE1MyNBmVsDVW9kTGF2,
YNE Sosa,6fYqxXFRWpbTVlXcEmR3qr,baltimore hip hop
Ear Ringers,0EqytrEgED4xtNwEj6KLWM,socal indie
Los Ligeros De Zacatecas,06EfvOj40GoaH1Txm6mDhz,deep norteno
Dean Roy,2IJotEJX9fUMYniX0oyNeQ,
Los Traficantes Del Norte,7HTFnYAjiVdJNmiYteMPdl,deep norteno
Sheyna Gee,05BcZCAQvpZCJSRqWFzSnF,
OD Flacko,7hvxLlFiNwWYxPfBXiQ05g,
Sun & Rain,0jUBz5sT3bnf8nrfKqxTa6,
Tchiya Amet,7rmyoEFGrRR7xyFemgmrme,traditional reggae
La Clave Con Swing,6FVjfDpR73xeKXPJF8jLyS,
JUST BANG,7ivjkwvJTxaWHYlHp11b79,
Banni Behr,4XxkgtDuXnyl4rQlgDyzLq,
Ghetto Star,2iTaMNMDDPERMfucLRI2U3,
Harvey Mason,2MNNVXEpagQ3QWiOkXjQyT,jazz drums
Mack and Soul,4ZYKypvv9Hx6VfVh7RHIAP,
Lil Kye,5mtEG3Ju1qi7yV0jeBeoGY,
Fear Nuttin Band,2drar2Z2EQi6lBYNiz0htR,rap metalcore
Pave,1EDuAkQLxBqws7vD2AL9au,
Londonbeat,0gcMPgunYh4rX1UOdvZKBn,eurodance
Rosay Kane,0TFxJdFLD1TKnyyh7mMXkl,
HXE,33sT43HpTm0lrKxq9Wrxfz,experimental electronic
BMO Yunginz,67mBzzM86ZtDix5C3Qzvih,
Mark Mac,34jItbyHwGdoQgtkV3DQgm,
slimdadon,09rUisoU8wZsv91lC34a0K,
O.BOY,441qDHQhITA2BDbX69GZAK,
YaBoi DaCoach,6Aj0ZcjIopR4QehbhaxNwD,
Hothead Capone,0W9r6ebUbgO4J0vd8QS6YS,
Rio Da Yung Og,6O1vRHWVGKJTnWuJmItnsx,detroit hip hop
Roosevelt Diggs,4VzKvqrkARApt1DAgiQf2U,grand rapids indie
Appleby,4Y2i9jhU3jW0PVsvTLIbWX,
Carlos Y Jose,2IRfUbSEqoOzedNHXVD1Xb,norteno
BackpackBoyz,6QpceHUSY5Sx0CBggkvwjH,
Dr. Dreamz,1gyUuMtlNk2aFpjJmUL2Eg,
Foundation,6qdLBpNDOt2V10d7pgRnu3,
Ivory Wade,75SfPjhZGlNGtqhs37BGpU,
Sariah Foxx,32woSMRFpn6AqHvVa8MLpB,
Minnesota Snipe,6Tbwf5a1z2eXuowBgTqyXH,
徐翊寧,18eKKD0crps6UFVJCvShcb,
Lofi Swole Beats,53N7OIe8cY9d2TZebL1FGw,
J-Money 13,25Hm8SpBmSYNLaUcDZeM7X,
Indigo Seed,6qUQUQUTTqQ32uV5LcOO0G,
Addison Mueller,0l3uaAhAxyu6dt6EmKMsas,
Jace Everett,47DQBkDU2VieRG0aJUcPJs,modern blues rock
Andrea and Mud,2IW4MLR7TBzqVSl8LBrmws,
Asher cataldo,641ZuAkoNfLGqu3Agb9Uy1,
Tracy Chapman,7oPgCQqMMXEXrNau5vxYZP,folk
Journey Ortega,2VrMB5AcCa4AEU82SaElLB,
Chente Corleone,6tAgYpM8g6Uc5Vv2yuYPLN,bay area hip hop
Rainy Milo,1REDP8H8JsNmj46Ps2O8r2,
Radio Base,2O07L4IuTAy1LU3Dtb2kfN,
Bedtime Instrumental Piano Music Academy,5HWdIq3PMnRmEFKSBMXHn7,pianissimo
Curved Light,2SSFTSkdw1v4DDjAI73PYj,modular synth
Ralph Narron,0BsL576nwO1nljVs7CFieD,
Albert Gonzalez,3OeWhkZyjcbwtZDTUnkDwO,
MILES KELLEY,32uKONDZSYs3M985Ro0OPQ,
Trae Tha Truth,49vCIUW46QY3L5vo1xVFoy,dirty south rap
Younginsosleaze,02M8bIxB70TDLqRZGS5g3o,
Key Players,40IZCkA3FMid7gknfJn58f,
Peersonile,2CKQ9vLTZaMVaYot7d1RZG,
Neal Schon,4YLlWUd8PnnyGVKxqoebs7,instrumental rock
Ralph Carmichael,4hdd6WRlN1EcACmO8ft0HZ,moog
Anabella Vaughn,0bTZSIycLWf2Vni1eiPlBw,
Naleigha Nabeel,4uJQ0wxdqYU8XpicpnVbwe,
Ruff Maab,6LDrGuj27yWlwh8GuqL5wu,
Grupo Marfil Del Corazon De Tierra Caliente,6PGRmc8s56alLnCivth2ms,tierra caliente
Lil Raff,79hMHkb9qW4Iscc3eH9eqj,
LoWlife Molito,3xWZZxmeKBamkSqkfrQPhw,
R. Rose,4scmE5lCDElrEBqlXNy28m,
Amen Quartet,1DM4oCGhPZYbmZCDTXsnkU,baptist gospel
No Parents,2j0qkuLeLVZCVxjziTQLWI,indie garage rock
Stellar Road,1P9fFmrkI1CQdcQDruWNTz,
Dj Alexander Black,3DAdJ8FCt1dqpHiCQMGKM9,
Lil Bouy,7GtaD6cfCsMtxSQDsJq9NN,
Los Marceles,6W5nFR2v2Gz9hMnj5PrkdE,
YungStone,4egPLBPtk56wEUMNU2Ax07,
Yoga Playlist,4s72nhCxR67vvjcXwBJlb2,
Asesino,5a11ve6ih7Nt2XyUlyMVBk,
Hannah Herrera,7ENsMzWIWZ8IduTBNZadWz,
Travis,3bUwxJgNakzYKkqAVgZLlh,britpop
Saturnalias,7xpJvne4JnQJQpaLB9hIOV,
Eldest Son,0JNYoJ2fPtqu5vweY1rnGY,
TrapDes,0oBZgZqdcpgOamLB8n5lXF,
Yantz,3PCkyuauezlLcalyNq2fM6,bay area hip hop
Dinero Recio,4Aa9PGW1yDcvsUW66BxTta,corridos tumbados
Roxanne,3h1YM5g1Qfvj4xd8TW7Qym,
Viesta,6v5ec72DlecVntsmdGrs0R,
Rasheed,5Sn0h0yQFrY0QTvHztFFHI,dirty texas rap
Optimist Prime,7F6PMFu6a3ct8SBW7lNLWH,
Prince Hakimi,56CXdZDHsGuRI2CnBpAtcd,
Gordon Wilcox,6eQcuvCtTAxiGCFpURZQx6,
EKT 40,5vRrriPtaSMxBmpU2eMpO4,ohio hip hop
Buzzard Buzzard Buzzard,69ilUSFj31FA2iLHtegRwi,cardiff indie
Coutney Kanye,6qtJODroxcrCWpmtaw9Jni,
The New Revenge,1HzHC6rDWGHzexBWLn8sVa,
Highest,0a4p2CuW7mOVPqFHMOMa97,
Mahtie Bush,0rLDdj59oYTAxUPIFyCu99,
Chicago Mass Choir,4M506nGvYT0WhG0kbkGrla,contemporary gospel
Bagzamilleon,6plWBjG8QZVqLPsfQsYv7B,
Victoria Luis,50OyhgXQ0L6eO9zGxaMKwV,
Tsar Kangroo,7d7DHg6sUTtnvgBxpMmTSW,
Sammy Davis Jr. / Buddy Rich,29FIL4HOLKQEnlP8yn5gP9,
Los Plebones De La Sierra,2ZpEdaZO0WFqmArcLb5Sr4,
Dj Neneco King,0bykXT2S0NWe4dZEqHUYKB,
The O'My's,1GQx6SUIHxDC1mRIFIpslD,
Mark Anthony Polanco,5W9F0aqdt8skGxPdhrS1XY,
M.D.O.,3wFZEgEgFoF90ZLQGp6YGH,
SNT PTR,4YoBQYJOE8mz1u5QfJnz3x,
Jay Ax,6iHjTKCyZJei9Vw5Bv9nHk,
Los Alegres De Jicayan,2YbDHAdUbOiDJYVs3fYvGN,
Plap Fieldz,5HO8I3YWRhVvNXQpXAN7FU,
Juicethegod,1GIy2TphgA3IHQbz7vdAlH,
The Jazz Thieves,0GEQiHEwDMHnb718bgpG0q,
Tapri Grams,0cePXkZbB6Ehoy4EiKLIc1,
Ocean Sounds,7g56xCsozigPH5OgmwinYA,environmental
Gwapmizzle,30fTZO9X1kpqkt2yuxPojv,underground hip hop
Harsh Armadillo,0CJKJjpnqh9HvWnzSCb4nV,new hampshire indie
Julie Neway,5mLyzG63CpBKYMUtBkpLLl,
Sound of Rain,7G9rjpwTVuG4Qs5BIFH5jW,water
The Holy Modal Rounders,5ZjKW4JhcFuOXLpuJrr8wJ,freak folk
Ian DvD,6RI08NN8VuoJu7xjWIPVac,
BBG CERTI,0ve6eUDzgiFlRGEoLBKIs1,
Hila Waleska,5tkC2vGwXp8v2EdAXPh4Ew,
The Homeboyz,1l61cJnRmPBJTtyx8i6qDv,
E.TEE,1LZqDxnkm6LiJLYs2KklIr,
j e f f r i,5mI3RbDAx3qBHPRAl1Z2Y7,
$ilv@,1niySy998ybz8L18PCWSHn,
Pilot Cloud,44Zv5P8g4ytb9Nk2QwDTBB,
Era Istrefi,4poL7YCSkG7kMnWjAdDU91,albanian hip hop
LaShaun Love,1fo7NK0K2t82yIvc2cQSPU,
B Lou,1WWVUORh0X8EQR3X2r7UKa,beats
Kill BAM,5EaYTZaCPKvGvAwQSfDgGW,
Citycentral Studio,735fCR8kyFCDfp2qHFJOZH,
Fitzptheo,6ddvUWE8cON9kvkpaALhxO,
Case Hardin,19S0njv2Rc34xLJleIZBIN,
The Grates,1ky8wpsOZlKYf6T48YI0OT,
Drinking Water,116GpJEcUNT6RDruRfCbEu,
Star Sky Streaming Music by Frank,2gHPQmJdHVJA3KXqdHVSMs,
Saweetie,6cK3NBO6uP7hh0oyuVELFl,cali rap
Gannon Fremin & CCREV,0P3JEHMidLKLqAHuFd7Qf8,
Mary Black,25W55yzID8F5bRKG8Zg2IA,celtic
Clay Fulton & The Lost Forty,0Qji2TfLSXn3bkV0VtLt8J,
Mr.sipmodejuicee3x,6qayL5VfdwZ3Z3NaOKrYQu,
Son StyLa,24Zvjv1lUyKfTuFpwwI7dk,
RichAvePreme,3izJI1rESkeERhqkguDY0A,
Housing Co.,38g7QzzHFdJ3VEZB4ch14E,
A Rich,22QVKsj89fqiiPuBAq1Xfu,
Dueto Teloloapan,1yZn4doDF6o9drr9rj434P,
Rico Hundo,23D9Fjp8NMYm5LoPdqS2Hm,
Shawn Adaan,201G6Ydi8maeBI8SH1nQTK,
Xmayne,7ctqR5udj3yR9QttCy5bYO,
J.Howell,5GU7EEftOdxcqM7nPoXLwq,pop r&b
Sixtwoseven,46TRgWnJQ9e6TbvBTFulAm,
Bonney B,6XKvbzCsCYEE0lMQ5rewcb,
The Weakend,5heNUDGMajze6TthJgvrDr,
Architecture In Helsinki,60eT7q88iLWKnuSXed1AGr,alternative dance
Northlane,3qyg72RGnGdF521zMU02u9,australian metalcore
Emir Peškir,2if4UPk5txaXCUsHoyT2dg,
Desmond Ferguson,0wRoqZdIqVQGzwvjzvJer0,
Kevin Wendell,409JWI2RQEj4nqHtZW0evi,
Bizrq,3j0PaNx9kb5zLaVTWOjjqv,
Kaneky White,56z7lf6zRc6YYdbgrpRr2c,
ALLiMiin,1WgoKQsyxMPcDCqncZmoQ5,
Samarra,2VPtTfetZtPeItU5ov1Vb9,
Camille,6hsNjf74xnRURAohJZhHtM,
Cole Harris,3Jfsmo8gaATDVI0Uzg5IhO,
Kesi Alasdair,6Mc76inVSgVVki07VOAJOE,
Yareli Herring,4TAMs1YUVd6yxNAGdNjsJM,
Klaxons,2qlAMLpUyBjZgnzuFXXZXI,alternative dance
"Good Girl, Bad Boy",39FGvNZoHpW4Tq5j5ntjm9,
Melvins,6aVjo0xHSiuW5hkasoYSR3,alternative metal
Futurecop!,10yA9Y6h5wbDaX5XuZuA9X,filter house
Jaydakay,0Ev18nqNns8GnEppTyX8qu,
Laura Bradley,3tpobJxn6RQfhiPZiIJsVT,
Paulina Rubio,1d6dwipPrsFSJVmFTTdFSS,dance pop
Rob Tognoni,09eNSBkVhCYr9i965i6fnd,power blues-rock
Slingshot Dakota,22z35Pg6hVKGm3pn84nyHU,bubblegrunge
MAX,1bqxdqvUtPWZri43cKHac8,dance pop
Speed On the Beat,0C3ziAfaMuVMrEWWX5lqqm,
Casper Locs,0djQHvcSHwP5oxyyWRgSE5,bay area hip hop
saucynosoy,7sXQNSd6cFwbFGSErNiEG5,
Wampeters,17Bz2vZSAdlPNorYqylhde,
Dan Griffith,6OqYK2O1Qp24aw7k2Id3Uk,
The Platelets,3wGIiXCHUowBPwzbXnBENY,
Whapö,3gidNPyIka2VXgIFIbFWqP,
Money Motiv,3cJXToAHbBhqcW9vqpI5mo,
Andrew and Mary Beth Jones,2yWKPOexvs62vXFAGWDMiA,
RG,3VS62scscMAi4sEMdcVsK1,
Adonis,5cfGRJ6ngriTEttuWhdBCt,
Lil Sinn,6LGt40Gw3HqXvqbn4U861i,
DJ Blur,3QSVCxN9dlQ0Ueqf7psrcX,
Conjunto Arroyero,3t57wx00MMpK19IW7R3TUU,
Harper Kirk,6oizUFOQXqEOOSJAqQRsCh,harp
CS Tribe 319,59HElyvexZ4SOJPfEkGQ0s,
Quantum Elev8,2lPgUcefqthVjoT7LiE4BV,
Vicious,47eWvOWuTscQ1UG7W4PCwH,
Humble Pie,2CxLP749mup3ncPrXgCnvU,album rock
Dickie Goodman,73HvLPUjbk78z3CgDtK2ht,novelty
T.K. Soul,5S5ZSqk0z2CBHuCbqHjzCz,southern soul blues
Bone Shelter,6P3qTj7wfJy6fL2M9b9Pj3,
Big E 23,7G2JhGj5eeKrAdE9OTxiEX,memphis hip hop
Christian Roach,7rt6ckhZE8SM3hOI4C6Om2,
La Castañeda,7fFzUTQmuK6dcxov1opn5Q,latin alternative
Joe Russo's Almost Dead,1YRc6fheTv1ocTyaZMzwEp,jam band
Woodz,6rCBKqxSlroJhPzdL67xpu,
Childlike CiCi,1cgfDToH1viXSfFzd5WOz1,
PAYCHECK B4S,1sQeBpqa5FBwU5UUhBJz3r,
Mj2a,24qs2TVoDlwnipwQpS3bWp,
Commissioned,48OvglGiae55NbGoi9rkXL,gospel
TreavionDaPoet,1kS0g2wbKCTYeisKBX0AEQ,
Keynote Sisters,5pswlj88r5Kjlb3DyzOV1j,
TOPKILLS,5tusxY8UFK9uBRiceDznTB,
Nh-Dmoney,3ApPOxUHdtvcrZmKMtxbEg,
Candy Corn,4EqZxX9VpVrPTf1Tcx9UrQ,
The People Brothers Band,5qW6Bz0M52glLMQZqm4oRs,
L.E.O. Byrd,7B5p26j7DsFsurdF4bda6r,
4 Strings,2a0fbijQhcaj1hOFp5b3id,dutch trance
CoriDuzzit,0fqN9DqP1wZgInUeW2ZF8n,
TLG Dooda,4Iiaica4CyRhHprRDwdg9t,cali rap
Ian Brown,3s398TKZNahAURRacx7oIT,britpop
Marcos Orozco,1KuRTCSQImVoNoyQ2UbMIp,tejano
Camoflauge,7fdB0JdYsAMqzC3cQbyFl8,atl hip hop
Botella musical,38gm4THZg9KUU5Iggw9rEp,
Yota Dora,5k5R4ajM4cXyyu3H6cJgGk,
MAC Streetz,0MdEpap0WP3iThg3m2U1UA,
Madisyn Carlson,6CkTuIqDlBghlBe1d5NE6X,
G. Love & Special Sauce,74fkl73HDlCXw0l6cemB89,jam band
The Warren Brothers,7poSFA4hdvuT0J4mwTfA3D,country road
Supreme Allah,4kotxIjpahJUonlH2KyAWI,
Desirey Mira,4xGmxxDIgHdDfiuwHoKmlt,
Koo Qua,09999tdU6qLmZauY805afd,denver rap
MyCrazyRO,4usd5ep7AaXv6ruKNj5qsV,
Chain Station,2RXhIfThCJr5XpR1Aevrqr,
YoungBagChasers,2GzyKAB2qWkYXeuk0RtYYw,
Blacc Suhn,7wcKcbaD30IkkXhV7U7Zq6,
DJ Madd Od,2pdjm3tVrz2oI0tmmCgX9K,moombahton
Lil Sean,2qJsSS8XTnY9PvDdR1uxvp,
American Film Orchestra,1hW8XfsBJMvQ8qiIMDolET,
Pankaj Udhas,4Qpbhxe0sO2zhvUVfODdZw,classic bollywood
Finestyle,7yctVa4BppKi6Cg1TVAv3J,
The Lunokhod,00rCz1hFGJ6nxaPF9wPCTG,
The Trims,0PQZA3CyUCsOYsm1cuhq5a,
Albeez 4 Sheez,5UaUldJlGJAFhs6aD1Aq4q,
LIL BLOCK,0QCDTijzEj5ufzOQAtNKoR,north carolina hip hop
Jon B.,3SRJWVa6lZnqRHOyAHmDrX,contemporary r&b
In Hearts Wake,30BDCIM0IdglDaLzvCYd0N,australian metalcore
Magica,4NBjLA1DgXKrs6fPoyXkAM,
The Cardinal Health,5Jp8pR03xnIidwGzfFs93p,
Amadou Diagne,2zPsUVCPn1EFeswz8xzkVq,
Thomas Hughes,32da64Orduy0G0P4DPMAPS,
Pop Evil,1pRaG81GsVtaTBuVSpldt2,alternative metal
Jose Manuel,1rXOb9uSnt1qvPF44FTplr,nueva musica mexicana
khiiihv2,7GLwa9sn8LekuTMveWC6I5,
American Scarecrows,48CuqxIYDb6lNRYcxY8OwG,
Joe Posada,6UoIwlQHjb5bgnMgQEtU5P,tejano
Vibe.94,3vxlAcSr0iwPKV8Ig7LYcW,
Titobeats,0QF82eXfMSaP9iePLe59BM,
Ladka Šuster,6AnFkZOXSN1LoRNPIx7uXz,
Harford,0wxUY31aX2A5LBVjVREXJt,
A New Orchestra,3qyfkBKHNOD9h8fP4M0peO,
SENGNAW,6LTNVD6nwYXMQ7L8DSgSxW,
Iced Earth,3KEixcRfBS5K3E91Vn1Kdy,hard rock
El Gran Combo De Puerto Rico,6nnspeopmJAG07xOxHmqTu,salsa
TLoc,7CWGtVRPYDJVp97A5jzg0l,
Fatty StillKountin,23lWZnBuUmyer7dsfL3lbc,
Lightshow,0bxqbGrU4OdgDQNGs9DYp4,dmv rap
Prong,6SER9tY2pDIDVWVf5Ql97B,alternative metal
Baby Jay,6al6P6qjyppNg7kvpZChMf,
6kFly,4BscIuq0YBG4PFCZzBqiM7,
Comedy Hill,2nvrnq94hAXnEfGAM61t0v,
Lor Scoota,1CT7nOSBInPHjbrZrgCHos,
TrealOrTreally,3OZnWmfYWDuitxjvBrKFWD,
Crawdads,3wAuDvk0W1FoW9OO5DgyMj,
Harfordrdtay,1lDlmyCgd6bCBV40lJOrAq,
The Homestead Act,54r6dJcmsXUtrlvj54bvKc,
Voodoo Dawn,6O8KDTdcIU64SXBC4Wxo3M,
Parker Pressley,5LtANC2Ng8gc8OMtofdSFj,
Slumm Prince,1RivVwlwtFFjqtGeyFLeEk,
Larnell Starkey & The Spiritual Seven Gospel Singers,3W6r0YiBaWjo8RrNWRQmJH,
2WIN,2QtOemVYbYJCKOWFON8Sb7,
Luis Fonsi,4V8Sr092TqfHkfAA5fXXqG,latin
Swavy Wey,2aWHJBYFpBZ2yVaIn0aQB5,
Seek,0scch5bA4RphAUD8XuYH6k,
J-Wonn,0EePyJpLbQopStamceVusG,mississippi hip hop
Gregory Echols,6D5QcyeZiPCi2EYJJrljMY,
Freeway Donny,4sKiewgwo96fio8AWY8u8k,cali rap
Skylight-Jazz,3OKXg1MB6BzYubgjTEveO1,
Django Django,2ARO60gI5do88ho6azmzab,alternative dance
Akjela,354SJB6hzWi94T0ZdiNbof,
Dead & Company,4QMYdqiJf5bEC7P0EHbnxn,jam band
GVO,0nD6ci8LYRPYwEM6kU8ovZ,
Ysjonas,4e8ITbk9fhqRpvYAlqQ5sp,
Divine Nature,69LtxWNpIDgnuaQH507Xet,contemporary gospel
Joe Nice,1XaSDwT4T6jgAd8stExNQW,
Richard Alberts,6mmZWwZ3Vqr9fVgTeZ1ZDJ,
The Winter Project,4nsXXUAWYPT3GBsQ20xSGX,boston indie
Laquinn,4wHpKmkgoRq7h583h9MHpf,
Shalini Haily,3IKu6yL7oNEMXT3OTfIKuw,
DillanMan,11jj9t151eXkUtiQJHL7pa,
Dswerv,2jC3jRMuJYsIVOFCM8AKjp,
Mz Blue,2tlYVJ6wMKx1dwLXKG7t5D,
AiA LITT,59zWs0FraqkYOKclVavFqd,
Marisela,73c2MjCAFNyKYIs7nBlqG2,latin
Diana DeGarmo,59eUYRRUA8EnmFBgR5kl33,idol
Blayne Clower,6PfDM1s5UNL6FZKGq0q2vU,
Entrails of a Virgin,2OKDsua2FT01222SVT3WP2,
YELLOW MAGIC ORCHESTRA,2JIf5JxI3ypOSfrfNIIMQE,classic j-rock
$k Hatey,2XHqjWhOnAEl1g3u4uwNoE,
John Tesh,59B2CHEMh1to8diq0jB92r,new age
Courtside,5ut4niE4plaFYus0A1GfQi,
KILLA TEE,2oWsYtA9qCfDNkmvD8XvYB,
Dreco Street,6FuYOWPQLtK1xssJfqkLoJ,
David Arregui,3a1CRyYAEvNbMbmJ64TQzM,
Tsukiyomi,0zFjbHCUsX9jgTNgBMK2zX,
BlueStar,5AFxrcUnQieqnZy8bl0uZ8,
Jon Keith,0PUc1lwaZpPJaMr0v4Gdvo,christian hip hop
Justin Bell,7188eITYdz6DYjGHlRKy7S,
Zachery Le'on,2NzlZWuME7xHERDfElTZHx,indiana hip hop
Eyesayge,7B7hGwsEWeuu0bx52bu0GL,
Rain and Chill,7Fhhko71irKWbkQQ0WWI0b,rain
Bossalini Brady,4KGnou4UIlGn9kQbpcnzGr,
V12,7d6KdkbKMENsaMzsH1S7Z1,
$lumdogchedda,1Neg7t8jmlO7nkPkdgd5jB,
N!que,5RUdzN7tW5MfO0AxYLqIFV,
Deligah Grier,7D8XdISqmgBCuO3ZwvGwYC,
The Streets,4GvOygVQquMaPm8oAc0vXi,birmingham hip hop
SPB Newborn,3gIQo6k9dOH55icdmpBXW4,
Kitchens Of Distinction,2duIh1sS0qsKqvoPm0X2g4,alternative pop
SPECAT,7oprsYj3x8D2feTKNdIbQ7,
Cosmica,2bpJ25Xva1Z3C4npGGO6ru,
Swagg2100,3u88tAjGNyji0zwdU0Wnjs,
G.B.III,1vuHraZMMERImmzOT1uekA,
YaBoySam,2oVnFHS5go1Gwka1CIsbaP,
Chance Irwin,1Cg3PQCyVNmKNQKRC5FSEx,
Lil Kappy,3mBs1kWbkiVViXHrsigSAt,
Otis Redding,60df5JBRRPcnSpsIMxxwQm,classic soul
Ethan Charles,0miNVA3dN2M6NXmzumKR5B,
Twinnski,5kzZPmt4rMCkEGni9PCZZc,dmv rap
Baby Sleep Lullaby Academy,287FE8v5FzLXizfkBpmo9J,sleep
Dj Giulio Tartaruga,4Me7k7kLKo88MRPzXU5LGg,
GC Classics,193nqYWcWu1IrTmQ9VSLZG,
ItzRippa,6uyLAhtxsZ5kKboC9qLGVV,
Dat Boi T,4VIcSZlwRxIF6gPgtwSrbq,dirty texas rap
Q Da Halftime Show,6C4UV1NK9MxJuzTQUmYN8R,
Iam Justified,5oL1boJOrLcqPhR0AzZuZz,
TRUCHA,5t5Gj6311CDZRg4uP9Zngs,
deadmau5,2CIMQHirSU0MQqyYHq0eOx,canadian electronic
Caitlin Rose,41LGTx1fpA69G2ZAJKZntM,nashville indie
Fetty P Franklin,2DAkZwVRDGLyC4fS29OuHq,
Triptofan,1RiTb3IKxzbwz8va4KGAYK,
4th Hour,55i3j0k48brIA1MaIoulAR,
Percy Davidson,1qmpDUTf7enUgtn588IYx5,
Andrés Jiménez,2x21EDzlsqOkNr0GpiZM5I,musica jibara
Hues Corporation,6PpGPIrFf3LM7Q77eR4Bts,classic uk pop
Chuck,6VdSwzOeH5cqrYMeDJd20L,
ZHG Juwop,2N5G51SsGIZgfK794ToXdn,
Grupo Bagdad,31luI2YnnNPOemnrlDLJ8w,gruperas inmortales
The Dave Brubeck Quartet,4iRZAbYvBqnxrbs6K25aJ7,bebop
Willie Moore Jr.,7wmabrOYUmoxn9hDWILRWK,
La Contraseña,2PuKI7JcPdtBJ0ZtfYHKl9,
Ghostly Soundz,1Z5C73UXyhCp7Zvfbe8Y6A,
Dj Woozie,5rKc5pF6I4RQiATJGgq5Xj,
HunnitProof Boogie,0ApJ5Cu6sdSgekBWM6eiYp,
757babyglock,5vMrhEVHWJBSawMuBjAQRM,
Kevin Johansen,7qjoG7bwhAjSd7nJTcjgAk,argentine rock
Ots J Huncho,3t0reSevrtrvnbSccbMo7l,
Quinn Hayes,3pxGQzPPlApVe7cOg0z7zM,
The Sound Of Urchin,2MiBK2lfgPdfayWVlh6ya0,
Dirty Dante,3ds7k20HNmgKh875nCnPE8,
The Phillips Family,1oHKLfapTWFj7n8J6HhKAH,family gospel
Brndnlx,39jx82egvgGGN3PGoeiAo5,
Tiny Towns,5uBLXhy4SG466WGhRjpMaA,arkansas indie
James Reeder,5YCUdcLdAbaYZcdZrxNzjU,
Nature White Noise,45Bo8dQGT3P8KcvAq8lp0A,sleep
Bookie2Paid,4PiMQAJ4sGJ85483f36gHt,
Alfredo Olivas,5xYNmNkaWRqu3e5F4UXME8,banda
Aleexa Kalif,1NnVSFK2aSJDCGXImX3Yt6,
No Retreat,0J4tA1Gmekti3ttfkeo7K1,pennsylvania hardcore
Lonely Drifter Karen,4irZYbJVWcTQ2P7ZT2AFCv,dark cabaret
Impact The Artist,2CusLsklMcPhuD1wZSl7R9,
The Brimm's,450ZV723HDRIOFXX4HH6ib,
Carrington Shropshire,3glsU9nSF46Nu44jTjrZbT,
Amayak Juhar,0iST9lAXVcBD88wrM1jFgU,
Brynne Jashaun,5GR4PQDXCbKXh1mySUDPKM,
Vinyl Green,1Azpuzgyiu3T9WPCIGuGkP,
Baltimore Bigz,3MWCEMllqQHdEm0sZDpXYM,
Los Nuevos Chavos,11cHvNDesnVhWZsGMajMEp,
Yung Blacksta,5Z5wKtbkzsPmQv76aZTLaf,texas latin rap
R.T.R Jae,78hm4BtifRj8NLY2hqZMwq,
B-Twice,2aknSgLMTiBrapb3OeDYQl,
Freedomdeus Mostart,0CpCXLZY69sbIWfqunFOgj,
Fat da mistro,6I3GH1JYG8nE3KUfHexeWJ,
Wesley Michael Hayes,2mcH1Akr6Q9OUiAKdN9T46,
Sunny Ozuna,06J9IFl5mBLAPpKsmtLAss,
Glizz 4L,4XygY3nyYaM5m6kIKNWYI3,
Faye Adams,1bx4W3T0zPKzmsrRTvquWV,rhythm and blues
Toy Boy Smitty,5quKSXToBLb4dSOAgbbFKI,
Skinny Pelembe,1ZxriNuHn6Upjf3U97nnUN,
Top oppz,3knRdhoxTu0KcjfQGVphtY,
Roger Taylor,2PZEd7yktruWruOqORRChA,album rock
Beth Wood,4fqoq8NTd4wsQMf1g7MxbE,contemporary folk
Mayank Dutta,0HmqzT82vdNrTsY7ptKeJd,
Lil T1mmy,4IUdl2iwGMnEtzzJcVhfeQ,
JANDASH,6CwBMhHM5JWOHtttWFBhH2,
Henry Mancini,2EExdpjU4SK3xnJHO5paJf,adult standards
Silvia Rolf,3sYRb7jcrRVYpGzzf39ySA,
Promise the Unbreakable,59LQ4muUTEdO3enORKHezW,
M.Simile,6MB3D3OaMTzoN1yIt3qvxR,
Vladmir Rusov,0LQ9HhIPjrOS6k3QabgDpm,
Excoriate Four,34zJgIOMmVD40uJBublp60,
lil jay,5KTip2p3oVt1xiVhz0yMSn,
Yung Cinco,3F6emzSuzTxYyhkszgQTIg,sacramento hip hop
Big Idol,1OrAXmRZQ8RoDDXKD17JcC,
Ivan & Alyosha,3D1IyJznpDnWnnFrzjuWnh,acoustic pop
Nick Villarreal,2eA7XJzKSeiBBbIE0FR3LF,tejano
Various Artists,0LyfQWJT6nXafLPZqxe9Of,
Koron Raychell,0fvErHzjVPpvhr54xUEpAE,
Brycen Thornton,6spACAr6n4NXPvmxu5yQGx,
Acoustic Syndicate,7cHBgZyVbNG75ZCo8VzD4W,banjo
April Start,5lBn5lHjoL6IDD5P2uuNX0,
Nonc Nu & Da Wild Matous,6WLaGxyLmxB0kKWC9ZKUty,
Astral Doors,0lc8BWRWnjTL78iCV21Bo9,melodic metal
Original Soundtrack,3huVQoEWdqUTvlYpFVUHcF,
Alei Islah,77e0bU0LKeZ4AspZfRgq1R,
Lesley Braden,2aNYu0i3q1XOv1SNNrNmaG,
Kidricc James,0FxE19vNS9lmFdxdnfXoH0,houston rap
Peter Gabriel,7C4sUpWGlTy7IANjruj02I,album rock
Ygg Tay,3SATXUCtTdsgi9QDwDeqVK,baltimore hip hop
Johnny Rivers,3TiISqKS6ESlMQ4WFfZJw2,brill building pop
Cibelle,3BfQyeTb3hG0Iy76tSWwAU,
Nature's Rhythms,3Fg0fbbv9E6Q946bqxLm7S,
Glockboybaba,6N2rfDdwu5Tgg8IcGrI6jM,
La Maravilla Flow,4jHvzawNiZAMaIk5JhIxvg,
CityKing,0yHLLQ6T7yyzznlTg5KWXO,
Luka Antonov,02zfOV0ohBcu9TTeycpI4z,
Lily y Su Gran Trio,1EkkGZMmTdiipwf4zgzcDL,
Emmet Trill,5L41mL5uyxtIpTWIbYFUk7,
Randy Barron,4wFBeLSe3jOtZamjGxDHbO,
Grupo Vision,4WKOljIFPLglGQFFEK2HHJ,tex-mex
Farshid Farahmand,7ihW5GmHrJuRETVvjSRfK6,
Dub 7,3yIDAxmjV0J3TTd8xFXbFJ,
Karmaa,1J6GFbFd6KeiPNzx44ngVj,organic house
Sky Rey,39fUDCY5Q61IBYhJPZ9C9o,
Xxxsolitario,6LAF0zawKII3MtQR12qD25,
Adrienne Mckinney,1YBzSfrHvWjrv2WYQDvWeb,
Hanna's Reef,6TZDVqCcPX9NmHcBdlElGK,beach music
Satin Gum,620T4JvjHIR0XD62mbKe0i,
Matoma,4YXycRbyyAE0wozTk7QMEq,dance pop
Tyson James,1y5jzAFGwRwzBQq7QnqyLE,maga rap
Gilberyonce,4hu1gKKdkoFWHDZeyrd8nC,
ASMR Rain Sounds,1aoEFUliGr3znGWgnEVNM7,asmr
Son of Faust,3AV0sJ4nbnB4R5gYzznPut,
KaNeina Bee,0vW2GlCxc6Xds0EXPGJhhR,
380,113iSup6bmuEhJg9vA6rup,
Warbag,1cwVKuvZrLITwFlDKanxxH,
Rapture Ruckus,0YEt8MbsfCuhdm9FomLNqM,christian hip hop
Ali Sheik,4jErNKhzv5jQk61h8VWNFV,
M Theory,4Ak8oaHdkQpAhyu368T2tj,
Apache Chief,6RDjTs3OnBrFeavCSh051u,
Paris Street,08NgOOrJll4W7E7IS04CKC,
Jack's Mannequin,42aeGx2I3uXINpGqC8L0LD,emo
Swishahouse,7qpbQKIG4ghU6YXxB5kI6r,chopped and screwed
Chanté Moore,77OlE8SkEHDkJczfswzDFo,contemporary r&b
The Big Larry's,1SFsmcF8td0ja9absEn1vG,
Young Cassanova,0k6dg1P5T5eePfguel03MK,
Dj Heren,3w7Tq2akCcXlEr7Lg4bwVn,
Tse E2 X Tse Vic,66MBkYuqQEio6Lx8zwOKnp,
Gbeatzzz,36M8i0tmrEKw61HwDYb0cm,
Tricky Jones,7qEEMRo92MICFQQTjjW8tS,
YUNGBUDDHAFVR,3aqXzt1MZlNOMDhKYCGQDu,
zrfamelystudio,2CwnUMN4aOuIfHHnjfjRAK,
Yung Hop,6irekwvzK69GVGZIWWNtSC,
Crowder,39xmI59WrIMyyJjSDq6WCu,ccm
Double Rainbow,5KSxsw8686FghhBH6Sx3iM,
Ricardo Montaner,4uoz4FUMvpeyGClFTTDBsD,latin
nomen nescio,2EAvvKrRjOONEw3cp1yKEC,
TCB Bounce Beat Kings,6QoPapOk9izriQmEGamap3,
Dj Kasandra Nenan,0CcArd18nfzynm4oGNtxVJ,
Distinto Nivel,2Q6v219d1MJFDUwtXsPBSZ,
Hangeelo Mixx,4tXSiWauWTcwS6fF5tcUll,
Wood Willow,15xi9jGaqyFwxTFuoEj2Wf,
Mike Powell,5zR5lJnOs09wid0B6k4Y7O,
Bedžet Trpin,36oAaw9OVrS5IXIUG0KOIT,
Blue Rodeo,4M1fxLs3K8DkyCaTEpdfo0,canadian indie
David Bisbal,5gOJTI4TusSENizxhcG7jB,latin
Danny Elfman,5qBZETtyzfYnXOobDXbmcD,orchestral soundtrack
Fix 4 Life,1BA0LYIKcClSNyqCCglzxX,
Tripp Hunt,6HlxUfmZ0Ekks5pIijzaLR,
Infinite Nylon,7COBeZDDDGDwxHwu9Tz14O,
Just Lucas,3TjPkiceyQFSlfPsqpKSIb,
Mendymoose,4JgD9v7Ttib8IY7C4k7MEc,
Lil Derik,7duWaUqESXdNsXB2ASvM64,
Corey Nielsen,3HpTdO52FjJn75IdZBXEdH,
Seckond Chaynce,1Scv2VH4bC1sk2jBvp5h1H,country rap
Nitemare Records Presents:,1hd12bf3hAMIn45sFiOBTY,
KOBUKURO,0llYwFIMgF9Jzmp4ZY7wbr,j-pop
Quickk,5fWSTE57g51mGF0yI71pzX,
Nick Cannon,480i0t8YiGc2aoOR6BeLAb,pop rap
Sounds of Nature Caribbean Rain Factory,697cnii0MPSdD1zMTQcq7h,
Rawk Dawg,0R5sKfsma2ufEDJp6lNfRV,
Taz3dz,7zi5cj5S8JAs5myjOhepNK,
GoldMouf KeyLo,0E4p4uXHEdLtKcZXOXQejT,
Dueto del Sur,5q30dLuraZ80J5S3h8qAKg,musica costena
Morena Roas,1XbZ4bkBJ0dszUp9pfQPZY,
Jayco Beatz,6Uf13CMuIinwjWQ9LUSqbt,
Mahavishnu Orchestra,3Ao7NH7lRyQAeKQg2mlTcO,art rock
Dredge,2ktvq1zH7OoQxd14fFWgOK,
Galleon,51DIzOpPRD0WoDHzZrcBal,neo-progressive
Deadly Shadow,1vg94FkePIFTwlO90Rtd6Q,
Iamtakeover,1K2GiEekvVRbw48p1QaroU,
Babyface Bizzy,6zcIQ0mWZZfSr1ejHDhUc7,
Fred Hammond,2ndyVAdV9UqF1XjyTJt484,gospel
Rilie Theotis,0MC5jsTIGl8KnPdQekxhe3,
Daniel Phillips,0owdG5uucyUsMUhhGueTeW,
Bic Fuego,7xpU57jqDsWwhSL3JplAhR,
Khallion,6ADwMQg9nxO6GZp0tfDhai,
LILUZI,2dafYJe06I8XvsGmyBX1FG,
Pdo,3A8wJtfayuyGj5XrYQSNii,
Samuraii Jack,4eBiGI6EaDVcs54Rfp33Ck,
5ever,3lXnQe3aE4MZOwFgfCuR5U,
Toadface,5lsvMPwR3bjyZblIe3h9EK,experimental bass
Nawfside Deuce,0P18P4FQloJK518qmZpoQY,
Five Finger Death Punch,5t28BP42x2axFnqOOMg3CM,alternative metal
Lisa Page Brooks,6mc3x5eqTyPPz5ydCnnlyB,gospel
Martin Chaparro,6DM4JpymKnUr3bdPbXn6hu,
Zaid Ponce,22Zr9KaCNsoZ2WNiY9magK,
John T. Wurzer,4QvUjxWJGxOnNCBfjofNQ9,
Sagi Rei,14P2FhDt3wjCMSYCoWcv7U,italian adult pop
Miammar Mixi,7z0EKruN2pgaIpwtiQtoN5,
Wax,36kzCQhGfJzrLuZzrHweNV,
Tommy Dorsey,4WoGga7UeRcmjD4ufif4nG,adult standards
Christian Rafael,5qwnJ6wu8cxVVIhBiaZzi9,
Crush Control,0kwRdHBAjTmBZmGkl5VwQk,
Mr.380,0fuykFYLUwKNKJsxjvTSeW,
Trey Songz,2iojnBLj0qIMiKPvVhLnsH,dance pop
Neo Soulstress,3QuXpajJcxsTVQxDknmOfu,
The Strangers,6WYDmiSEZIX7ezoIj1ZXhS,
Averie Fuller,19w6V4qJv1uJYcEl5sbvOB,
Freaky T,1JgGbOvbQ0pBhqnjfmyqm9,
Nicolas Muffin,4bmP0DG7b0VP7VFFNwgXqX,
Nipsey Hussle,0EeQBlQJFiAfJeVN2vT9s0,conscious hip hop
FUGE Camps,0yiGQqKQODZNAltxbIcvXT,
Professor Majic,3aYCIjGsQbEAnxeWX7kTGC,
King D Mr. Perfect,1hcHBYsB2RxBYEtCiw7PC5,
OG CRIP Tow Current C,4wUS8bquFDhWzNfDoGPX5i,
Nelo,4WEShI3FkyGgGkX7vxRHZq,
Island Music Classics,3NQaou5DgM6HewP9ZWfsyA,
Sara Copeland,0R1ySLGimb3RBKM8aXEQoM,
Angela Charles,4QNjVaQGorSX0NBuOVxghy,
Tigera,63iKTbE14PjEPP69t1fHsm,
Fistikuts,7DjSAONEcygumwHbdFm5g8,
Julia Bardo,1hRs60foVmjwBiSesXnUdi,
Yzaiah Jordan,4o8ISxT4Q5UyPEZxXltFID,
Elisha Peters,48UD1gTwxrr8NhK84SMEYz,
Christine and the Queens,04vj3iPUiVh5melWr0w3xT,art pop
Bollobas,5hn4tB87c4Cv98wtVu5349,
MrDon Pablo,1w9wwPcaTP2LPrCqmICaMY,
September,6VX2R9L0O0d6qPvqGuIH7b,dance pop
Riphouse,0RC6S3oiiVqDcXXVn7OwW5,
James Laurent,5XFVayXAxlBh069sqsr6h7,
Baby S7one,4AIphxiKvuJeHFslyDlqgB,
O. B. Buchana,0E1uq6DFT3bss7t2zndnrd,southern soul blues
Jonathan Calhoun,3Khzhb4a6JkEQmu41mth5p,
artist_name,artist_id,genre
Maven Gray,7rFubQ4PlQmvyhuzuhNBeZ,
Ironwood,1a48brcmScXDADA9fWHaOf,
B3NTLY,5jBmKVPNPtBDr4oVL3I10N,
Gary Allan,37W8SKV5Vc8lcGtdyWCA5m,contemporary country
Teddy Ballgame937,1zAAPf2bAUyLy7OmKYBiVm,
Los Cocuyos de la Sierra,2OwI6rG6TLK5H0Oj6iyZ2F,chilena
Drowziii,1xyX4EvW6LaHiXswXNHTQw,
Zack Taylaaa,3mTzT38Gii0Kr6ed3SN8Fr,
Lor Dae,0InaCMMF2gSFhtupypPkVl,
Christop Sharie,3XB5tZoRY4tqpIjE8kTz4M,
Cult of Sue Todd,5skhtYMWHJlMWo5G7MHaSu,
Big Flame Thrower,5fIxzKbuxweGNn4BFqmnWE,
Truestory tweez,2FahiFy8g6EFFdxbDRHPtc,
Jhon Ffire,5tErA3dlxTRk6WbJep4Kcr,
Marcellus Knicely,3gDMiFHUgTGwkYYQtfyzYS,
Whitney Blake,6dpfwK7RqCG1y1rROkfxgX,
YTM Lilvent,19a3CyNYu4XK3SFPh8ICCP,
Giano,6opfE078aND2HYDCjRbRj8,deep funk house
Lil Ron,1CD955ajlybDLhmnMikUOa,
Jay Royal,5N0DiTFsT7MULrX4attC65,
楊婉珍,3zigSchvOfp3O8m4pBJ5Jj,
FOA Alter,5qjrWa36xHQHqR3FHXMcCD,
Eddi Reader,0T3UHijKhYdE2O6r06URan,british folk
Doneil Freedom Ronald Jones,45vqI9hhj2f1C8LHg5kCOG,
WeSSmont SSkeme,4CyNPh6e0nwsXtuv6xRr5F,
Bryan Lazar,2hIYkzZkh9wRfB9PMesIFc,
Jordis,6SFZSRQx5SsoFj65Co61mu,
Daniella Duffy,0DMhApootbOn55tMgdc8j8,
Mayuri Rahgir,57k7vNpZJpPQdIIeEhV42J,
Cstn FBI Dark,1lXRI0e7AY4WVcd2OwDhbX,
Jonathon Brandmeier,0sV1rLjpuyA1MJMoXC5hWA,
CiRcUs LiBeRtY,4I4rDrUIBB48EgmLfRBzgr,
Dj Jessus Mix,5zZCm6lQkYv7ieA6LCZXec,
Jeso2much,7Ft0N7AsEt5eAf9R8IwKdk,
HNR AVP,2dZrbCS0gZZviIk8I0qnSN,
George Duke,3EB0uKE2lGw6BB1UFJrONl,funk
SBDonnyP,35ISCv7hDxqtDiZ1u808QR,
Doug Conlon,2q7eLWowQ732zTM4HHvaiT,
Dj money handz,2w38qGtZRBewFGF5a6WEzM,
LoQuacious,5nHobhTCz7i2E5RS6CcoCl,
MK Virgo,0bRxzxcCSb0daEUtByuRUw,
Buried Alive,4RxGncdbzjsbKLa9g5mVyB,hardcore
Mother's Finest,3csSQdDVhJlP3BUOoZ2N2H,funk rock
John P. Kee,3WVgChZY3rEyeHd3aljzNl,gospel
The Runaway Hamsters,3ggl1CTNZ44B33kMwA5CXK,
Leon Chavis And The Zydeco Flames,6xfr4dc9rEAg5A9XChCGbv,zydeco
Greene Reveal,4WwiAuGznes1OqnqBISRne,
Randy Meisner,00f43SIUld0KU349dnwsmC,soft rock
Big Oso Loc,56vPxeGYW3CkqbVryMJJQD,bay area hip hop
Neddyboylive,6VS4ANsHfkzzjh0cNMJhco,
Mananes,0q5g09UGurpN5HUqyTqi63,
Former Informer,5FUDgSJtgaCkXKkFiplfl5,
VixEnt,5XhCaizthDZHKoVOFJW5E8,
LA Konfidential,24EAlcqHqJobLOL38nbI9D,
City Wakes,7xfNuncHrWAAlMB7EhYOzu,
Mall Money,0cYS9hPc18frt4SJeanl5Z,
Archangel,0OGu6nIWmkhpVoxYltbBhK,
The Impossibles,6Pb60Ybf9HbyRRQ2ygmeNX,ska
ZayBang,4knZcINThe7rbCYx0FVewG,cali rap
Elijah Wallace,4Ge9PS49G3qSU6A4MrD6PO,
BijouXO,2fCU1pj4B7o1Z3Ld95IY1v,
Kandi,0ThrQemMA2B8xxusTUl8IM,contemporary r&b
Enya,6uothxMWeLWIhsGeF7cyo4,celtic
Musiq Soulchild,3UVRliakQfa1pMWIsNuiZ8,contemporary r&b
LongMoneyKese,2crx2AWx0tXJV4cJGBhMA1,dmv rap
The Patti Fiasco,5FdEWhwxUymeIIwQHycOJW,wyoming indie
Locos Por Juana,4AX0I32V6XRGh9aRv7wj2h,
Yung Smoody,6OMUVOShzVYSSnFdQPcwnm,
D-One Tha Chosen,23ASgXYaK5LAyE5hqspVXm,
Red Dirt Revolution,3E6QXe6QCLbf3mAKvAtKAE,red dirt
Nick Nittoli,3xzm09zGUXD96eVSzTVNRj,
hotdog,7cSEStyNA89XHXv66vsrsD,
Nick B.,1FUAUGNUT9j2COhqowjENS,
kingwoo036 da God,6EvOGMwt6EdCr2xnXE9grl,
Bryce Dessner,5HHKeO04SOcxUxjruFXf5l,21st century classical
Solancy,6tpKPyCuX9XvgfSZMsiQbw,
K.Hill,2DdEe6cwLPK7y23x8zrPh1,
Eric Redd,1ZZVn0WHOvfOBeCo9L89sI,
N4l Swervo,6ydy5DLXZLUIbwR1eWAtl1,
Hard Girls,6563mhGHsuAERWMRk9FSr8,indie punk
Greg Wicks,1zeBfwH9xm3qaXPVugnbgl,
Zebb Rogers,2YEkljhcxWibOLb98hyNM1,
Instrumental Hype Beats,2YHWcxf3HGtdVqgmnhyotY,
Johnny Wakemup,5WFMDDg2WWOBOJl5MQSsij,
Sean Brook,6O3dYuLnBO9i2PZbN0SjtW,
Solomon Bellamy,3wSDrQix5sDV6MHVuu1Ghw,
Skyler Ochoa,30Lo7qVC0tSxssQzspi2lx,
TimoBeatz,5fW6wRPZztfyy7MUhVz0ov,
DJ WYNTER ONLYRAPPERHEARDWORLDWIDE COKEBOY,1maWNfWjd5tdViITFNp5lj,
Magical Tones HZ,6ng89hgQeYM66usNS7jVVm,
Jelislava Boroš,6VqBoOqvOsXCuZaCncGxZy,
Kier Byrnes,6Rlq2x6T74RgmOCqpVpI2y,
The Matt Eckberg Band,2DnxNHoxhb2ywDfonFESdp,
Tay G,7Fs12pWnztgd2dp03114CC,
36JUNKIE,3hiO0MKb33oYUzlICVZzaz,
Jackson Pines,2uJ97ADYpRDoxMkCcnpKQs,asbury park indie
Baby Dayliner,5hopzf5N6uMTX0Ebs9VhQ8,
DJ Michael Douglas,07NqPNzIwsvrHj3uysv58B,
Lost Frequencies,7f5Zgnp2spUuuzKplmRkt7,belgian edm
TG Kommas,0QtTAKI96I6w8ByQIY3QQv,baton rouge rap
Krazy K 503,4ezAHXbqUg5JJmhPQdKRad,
Ensemble P.J. Rhinegould,2tOR6A3fI02WnX9uwR7ukN,
Rohmon,23hFZzaRKvo0MjtFSyPCHY,
Outside Broadcast Recordings,3RchxeOVaDXmQRBWeL5CNZ,environmental
Cali Kilo,6ZuIpFYVgYJ58ttpRvJvvw,
Blake Shepperd,7ld3UJOPeSYC8LNt6Y5MIe,
Yunuen Kayleeann,1r6xh0eo7KbtUVtqgllekj,
Monewaypeso,5Gzyp5xSnwZsk4J35XOaKl,
Ville Dinero,1KlTUlrvq5ehxITZ7GGVcf,
Subchvrge,4d2hQhWgH3Re4rOERMa3DH,
Dogs Music Therapy,7zOUqqG3b4xdYFBlh6I7se,pet calming
The Zheroes,6qz7QVIcaI9Rf7d5C5J1l7,
Dany & Ashliee,0dcSQ4HB34l9Nwrqbwa5KM,
Demetrius Hawthorne,6sos2IEzwUw8C3v0eHKJyL,
QUARRY,30rr7jOGy4sNsztAqGd8Mo,
YBA DJ,0WfElncoSHdWES4wf2Es9R,
J-Dooly,0fS1aOC9PyZ6eJhadYveWm,
BLAXKO,3kxTDYMPujH7QouoTiV2SQ,
Jae the Kid,7eSk05c5k0URm6xdkjTUFj,
Joey Tapz,6auLa6Lr1THidBzXXtsqc7,
Black Da Runna,6f9f2H2QuGwgzsOSt6bdRt,
$hady P,45s2A4NF8PGU9h2fTjYll7,
Flor De Tabaco,2xno1jPXudieXG5hnANmlH,
WOOD SNIPES,0HewEBbQeDyAaEwmGEGzVT,
Mir220,4UgHFvw9oBBVWWAweug5XK,philly drill
C.P Da BabyDon,4v8vtWPHLN9wmdQInjJ4Eb,
Michael Hayes,5Rd1AHBQLYuSLBL6uTPMrG,
Billionaire Dollaz,3OBWQyh6AlBPXDkST6vEtC,
AirB Meditation,1VHpiUTDB1O1qKWedIGjBz,
Alluvial Fans,0yjsV0KDq7scI0h2S7Kt6Y,
Rvssian,1fctva4kpRbg2k3v7kwRuS,latin
HYPE TOWN DJS,3dBI0ywCFxLmA18RMzBojw,
Frenzy,4U03vXHuOMeZCXHsYWXbxc,
Maaster Finixx,3DUR6IwwcvSUkkjeh4TTD2,
nol Jones,1rFK9lYwQvaq7WvyrEiDQI,
Rachael Sage,7EedWEoxpzbiPNkqkDp3Vw,ectofolk
Dj Saull Black,0uAAXZXfvRpsIX23cM69cq,
Harold Niana,2pPRX24ulbQrJByWAsSLRh,
VityFlow,61tO9zDx4PeR0s3aFk1uos,
Gummibär,6NJb7ZCMVLu2ZXwWJa2O3G,cartoon
HD,4OrD3uJx3HZAAbIthGL3OU,cali rap
Young Hawk IA,7fVQjSgWDvNIfRdDURpTUT,iowa hip hop
Wakabayashi,1NrNT0PHUjX4yRW2eE7rpJ,
Preston Sadler,6DdQ3pwwVe4ku9goGzqoh4,
This Day Will Tell,31wMtLSulR1OGiYHIADgxR,
Lumma Ploe,6KYZrTWxIuNGJrpH2dHJX6,
Sebastian Mikael,4hknFHNFp3UMm2Rbc6Ansf,alternative r&b
Smokey & His Sister,5dUJnnAKqH2CRQR2oHQO74,
Billy Joe Royal,4WFTfNjxQYskBioYk39r9n,brill building pop
Stream Jams,0FlEnAJN3opuBJC2JMzQWS,
Cancer Bats,10YNQq86z4shHwDSymTyWc,canadian hardcore
Jake Christian,7A8JSdSQYOI1Kaw4gjlXKg,
The New Seekers,4jrTNltJtTMUfXybDdsHDn,brill building pop
Dj Maximiliano Brian,0YQV17sY9aKbVfTtvMPScx,
Knearo,2wgKRtcDdxoOPgyJugQY3Y,
Yung Shadøw,2pLDTWXQaRCbuhLSZOeJS9,
Verde Babii,53BJ60lhX4jJI51f3YAlo0,cali rap
Josten Derral,6C538efDrxDG3HE9d4q2dF,
Jay Sean,4pADjHPWyrlAF0FA7joK2H,dance pop
Kasai Allstars,391GEzsFayFVG5aGEBkrtq,musique traditionnelle congolaise
Chrono Apollo,1RFZ6GletkOFrcSy4Xh6Zq,
Brendy Tyriek,1OoLajrpHgaBtFd06unwZm,
Fatha Lee,1gAWIPbi9Z5Qla2T6H7jHp,
Shadowfax,08b6RShfMPcbl6FQZx9ax2,fingerstyle
Afterthought,57Iir1NKPEKKZkVZCXpSfb,
Ezzyo,6swiLAWat3kU87CNsqXV03,
Jelly Bree,6CCjPWY5bJCgHzoUlI7ei8,
Kitten Music Therapy,2tjxeBHhsZa7TBNkk9LtxH,therapy
Seattle Marimba Quartet,2qx7MXPTOT0lcUSH6oq4Da,marimba
5ht the Band,7KXRxPLYPsQglbc9LtrJOp,
KeepItPeezy,3f55qpLMYoglqrUqZW2KMF,cali rap
King South,5OASGjcRSVU0IAS1nf7VHe,alabama rap
Talen Talea,3ohtRCKZMuilwRb3E4VYBd,
Blubabyhabib,1zuJx6ojzvQ8ktWjHdLR3U,
Huncho Q,6xiBOu0k01aGiqEFzfacwJ,
Dj Axel AA4,6jgm0uWn5p5zqbDVr9IOiJ,
Am3r1c4nPsycho,5eb6fNaxvTeVU8R8g4ujke,
Dj Pinpon,4d8CwUbAxMOvXsbn6JSKcf,
LOBG,0G5T3ZLbioH8mUDbcOQUUa,south carolina hip hop
Mad Sin,0KeXahyB2g6PPQMG7sImjB,horror punk
NoHeart Shad,74e5KnezG5xVx5WwJZGrs1,
Darrel Petties & Take 2,4e90NNoBzwfQewJC8iYz63,contemporary gospel
Ayce,7rWpewtkqTrtFBLsUAFevz,
Starfish Knights,2hwZutPStQBHZHjLhGCVLB,
Generation Nowhere,4H0OoF9zHh8d46qdWJkPjW,
Keylo D,7wyOHzwj1tsHpQtWF3c1ko,
Will Fletcher,3CeQY2zciMXtSqjvmNDJy9,
Chv TopSoulja,2I3BLyw3HPP6y24D18RreC,dmv rap
Gannon,7frPtKx7nKA8wQdntCKH1R,
OBN Jay,1IIDXzVCV16qAYAICsL763,baton rouge rap
Junipgene,5bfKau0OB93vEBoCLPZDXA,
David Banner,7jFaoqWPhYLrKzjzlpXmUO,conscious hip hop
Cold,0Gw3a3BkWLwsMLFbOBmo6Q,alternative metal
Avery Stinnett,1B3kojQzPDHRZjL26bYrPH,
Ghetto Goose,5zQqIpZee8sHdKbxVFeEP6,
Jetpack Friends,6bPvXGXmy5zhtXtAbfFl5D,
Dalton Domino,2qsLBELO7Pw7Bpffvv9yDT,red dirt
Alex G,2WWTUZ3LpcAAPhSEz3H0rg,
RIC SG,69jzupS5TvIkpOwp0PyKWk,
Some Guy Named Lee,49TWFkK5bUcXhfi6PG0uV3,
Juro,69I1Wom69Xg991BpoWXIQC,
Willow,3s3gN7SrRhdmTCqpLiZbzw,
Dangling Chords,6iHVgrgwKvmzAnM3UnXEZI,
Confusion Born,5AQ52SHUxxjMRqKRtdmdZx,
Peter Burns,1jcjfXB9RqFOEUgdjObEmk,
Cooper Glass,0Qm2vIhhJGhu02LtUioQ37,
Alexus Hill,4epEXxJiY3ZGCuBzRZZzqI,
Alessi's Ark,6XfS2HuVcetcK1aN5QufKg,
Jean-Luc Ponty,3SInttLnvf5G4Aa95aAYPr,art rock
God Street Wine,2uhs3nCegLYEslxiqKtUo6,jam band
Duna,1eZx75fGVjN3BvdzMT92k6,
Julia Davo,5wNR8ruZEphxv31hBBD6jW,
David Guetta,1Cs0zKBU1kc0i8ypK3B9ai,big room
ewio,2RMNIoSsKH2YLX0LNGwTrF,
Que$t,3ews8WWY7fOjl21x6oIBRK,
Zoe Jean Fowler,79i4Y9rLmj4djhik1uYDQm,
Nashville Cast,2NvmDZar6FF2CICK1yBS4I,
Altin Gün,37PL04N8kBWWW69jdrMMWT,dutch indie
Davian Myers,27ZK43xWSTB6RvpMJxQkj1,
Denae Joy,3jxScWgU8EB5lG1lbGZC5k,
4ressaTimeBril,7v7VnPjuiZvWnEBwbTyjr9,
Ice Beatz,6Ma5CwYNOMWHI94J3pzBgK,
Shinyen,2pRhZnY051qBuaNr8D86PG,
Jojostayflexingg,2AFEnyZSo7vA5oVr0SKRtV,
LeNaSa,3cFhIk4715AilI4PpaKZ2P,
Whiskey Child,1A6u64QbcSP2k0E2m5earf,
Itachi JL,0RyQNli7P38TtlTUqparuC,
Rockstar Mafia,0edLgbRPu2opyGHYjnWKqu,
Brendan Abernathy,39ETOzAilLp4bcJAUU8mmW,athens indie
New Found Glory,4ghjRm4M2vChDfTUycx0Ce,easycore
Young Gstar,1QEn55ojn4m4A9rnpCbtis,
Brymir,3YDtlBGmfvE2Xw0avhHeK5,finnish melodeath
FreeMind619,4TFEd5CFbQlQArj2ueTMnR,
Stikks Stillkountin,5tBKFAX2pyLKBaO94v4Jut,indiana hip hop
Macdoe,6GXmX0a0784uM50LID1QW6,
Ice Cold G,48vKCAkvk6god5F60Hpqi6,
Cavedoll,4U6cZkjQE5aIsCnfL9DaJk,indie pop rock
Bustem,65poIR2iNdDbEWPAfx4l7n,
2 Times,6YFiP8sOQVVsO6HWE78CI4,kansas city hip hop
Chris Rice,0vD3f3r69jBB1bL6VWnGM2,ccm
Culture Cutters,6X476Gf0SutcqLHLzv0YyM,
Lil Carter Park,6uEcg0iJXLs3qdgyThdmlF,
YM SHOTTA,1ZLhu0YmGuqJdvEZenLZdx,
BandGang,2yDXJrRMtazFjwFZH2AfSI,detroit trap
M.M. Kellybo,6nG6wVILFXfMwNqjMztMJu,
CFCF,73IRHBhotETMmgvRCEyTCS,balearic
Kt Foreign,5cArDHkqduJNS4bIuR1mnU,cali rap
D' Nairo,41JzhHBog7CQw3FVDcRhEn,
$tacks bengi,585rdFOv0vijE2KdDCpKj1,
33 Yungin,7JgPTpcDlY0a3A9bVkFUn4,
Koby Rowton Band,2fDWaRAxBP797ZYnFDgLcX,
Keshana Riannon,7BDhqcKt0w0jaZAYLbP0jv,
Sean Kennedy,4Vco08oleBJvFDzhpee4r7,
J-Eclectic,4xhXtRp6DT6h8Vsp72QFSu,
Chalie Boy & Tite,5ZdzrQkB6DQMrYshuHMLDY,houston rap
GHØSTKID,2ooWmQC4NQUQZ3z00mZQyK,german metalcore
Radical One,1oQJm3lSNWaMxcELxQTNS9,moombahton
Guardianes Del Amor,3NLDQVyI2LVtQFJt8JeAAx,cumbia sonidera
Fleur East,37mtx80nMDETlbsq2eFCzc,uk pop
Kyle Coulahan,3IdOgOU1lVWJMqpKYJQCD6,
Forecast,1N5VhXDzozB8XxFYr8LApT,
Hillsong Young & Free,7m4gF38CPATtHrk5HS42WZ,ccm
cglizzay,33rVPOEDbk8LIpSs9iHKpP,
Mac Black,19wcxH08hvMKikzjn9uPRK,
Howard Shore,0OcclcP5o8VKH2TRqSY2A7,canadian classical
Adrian Deniz,2dFHFW4SvRXJo70fhlcl5l,
SYL noiZ,2OmdAhy2xwZkAyFEQPe7fq,
90Rackss,4mbXKDQUzc6rJt387z2X6b,new jersey underground rap
Robert Wynia,7ckeKVk0eR75mpMBFRjmqE,
Carrie Newcomer,5RsLS2CnzkMCGfl3FobdUR,contemporary folk
Geru y Su Legion 7,4BNrYSNWfcX7x10nmCpkch,musica mexicana
The Frank Capricorns,6dS4VrCZkbQ56ivoaaLa7N,
Yung 9,14tWaBo9LWx0mmjMJgmUaG,
Nbf D1,676tEuUqvMOvaamMjvuTwr,
DXM,5h5SJscpaZsndsRk4Y87bL,
Storyhill,3thSq4dSINRcqx9gndYfJp,montana indie
Anora Rithvik,3ult5roQwsA7qYldudb67M,
Yody 4x,1wewcLUgdkeDzQILfsDTtH,
Marques Houston,1goOx6gnQdUllLfSMsL4Rt,contemporary r&b
Los Pistones De Uriel Valdez,7k1FiT4LBe1fIkVSdI8Dmn,corrido
Acidizer,2TO7FzFhVIWY7YLofV0hd6,
Daniel Eli Sanchez,5O38GXgHc9nKh9N3PbOAcf,
Syby Shot,39gfN0HpawYFWDHI0tKwT1,
Apfos,0i7gpIampMkUKUA4hjKZCl,
JAYTREMENDOUS,4tqsnYsMkwq09wwHNzm5BN,
Milan Anton Agatič,0YQyd2IAuF8hq2BT3Guo42,
Jazzminshroom,4Ur85jF9A1PqxOO0aQlzaI,
Nathan Johnson,0zWHBQv6knnmZSovIvl6b1,soundtrack
Black Cats,1mdH8aU5nLGrkgbrHFSCXs,
Dj QuillyJay,0OrXnZYcRLqRpvqrxs7LX5,
Prince Poodie,0LtUKMqNFThmMIxv9RCZ2q,
Kevin Roth,2F4M8GVuAxxf4QvbrpvLVV,mountain dulcimer
Scandium 21,1XS35rgBdAHd7dK12ZY3Gd,
This Is The Kit,0ZUyFEafMwocvApBjTXvdo,bristol indie
Chuckyy_103,5IS3q1zYC5E9gtBZSlTfLn,new jersey underground rap
JC Humble,1vtOfGIKGTRK6zJ7Eq3A0v,
Thomas Road Baptist Church,7FeDL2U3JCvrx58RuZSISx,
Laura Alejandra HG,31Pkf85ltOuzfrTFdmMO4e,
Techniec,2Hp47KRYxXE4agS6dGAcJl,g funk
Noo Makes Music,2KAsaB5JXVQcoVQ59Dj3Wa,
Daniele Nick,0CZn1bC3lbUYG9uivNDQLB,
Lil Nate Tha Goer,2etIU3hFiRxPDxFNB0KbOa,
Coco Skull,7nIT42hf1Si1gXDqPqoEWa,
Annamation,7mjmNa7O8VX6LhP28VCv15,
T.O. Style,6LaBTkRInGudf6vYQCsl42,
LOVE BY NUMB3RS,6CBgctV1SXkftBFIzZv4SN,
Hashim,3QsdfUEsr4gCO5AuP7D4Bc,
Natassha Reendo,3Apr2r1zJuLX8qKrJWm3tG,
Pollie Pop,730ntnkLWwTRTuYtqvrKVP,chopped and screwed
Sterl Gotti,5kkWJuBDaVv2TBuDCcg7EP,detroit hip hop
Benji Brothers,7tYH4DanKe3tDiL5NUmBhL,st louis rap
King Shahid,4oIx8bVEvK7bOqOVluEZDS,
Jaylaflame,5UdUCGK24WtRFRcXyzxN6U,
OFF KYE,7IGBDFrCaKHzYkDFM3JsLx,
Madisons,612k6b3Q7U7GgCAnLXp8sC,
Azure Dream Machine,00G692AtU7XI3NUd4wLuef,
Ian Moore,5XZzCqzWFTBV6jgSAOtxTz,
Yungun,6ICPVgr4ZNDwNx5yqx1Vrm,uk hip hop
ChiefyBaby,1FqCkyEFy1noQkIP8TJPMi,
Los Pericos,7FnZWGw9lwOr7WzieTKEPR,argentine reggae
Keegan Chambers,4efFTs4iwHWTOp4umDESpA,
Relaxing Music Therapy,7xbVj2U2bY22gyZnh04TlN,sleep
Sammy Davis Jr.,1NAWG3AngjBXyKbmPaz92D,adult standards
Dillon Roach,4E6LjMk2SZirAPlfloYnIJ,
Elide Haili,0Xrkp2Y0DmUFWzh417zL88,
KP SKYWALKA,0H20KZnm0XPqNYQ6EsIAyo,
Lelo,6RcgNRwyY9YNTXd9luk8JW,
Incubus,3YcBF2ttyueytpXtEzn1Za,alternative metal
David Otero,4cA5JN7tiNZ8afYeuSQj5h,latin arena pop
Pierce Pettis,5828rXFAsQDBaAEq8Nv1Kw,
Simple X,0GhONAEJr4fnHV1PxXGFIi,
Manny Manuel,7gSCtDiDLABfTqTc1OYjKd,merengue
Maida Valdemar,3G79NUp6GaOPTnpSfk7W61,
ZayWild,2p42XLFOoNPAaDPi8UlyU1,
Omernac,3iUjXpHVJ9yK8I8bdGgImN,
Bo DePeña,0rmqoOuYF7OEJmlVXpMMp3,
Ghettoartiz,1SSLdQ9iOFGlY0CT8hAH5E,
Carmen (Television Soundtrack),2q3DulAoyWA3GbCsJWdLut,
Rare Essence,4vKZXZH0eDibGsDxMVzZDh,go-go
Sawyer Hood,3NPAz5zN9i5kfvGGw5ZLxP,
The Disco Biscuits,1sahk8ZhHF9FB59DMyDi8D,jam band
Flaco el Jandro,2VVgC1jDpquqRzWjRlaqf6,
Carmelyn Kinsey,2lv98GIH16DT3nI8Ge8Jii,
Valeri Tumaykin,6WcOJpk1pzrCoXjlMtxdvS,
St Spittin,0P6pmLmV8JosKisOQ9u2ZH,west coast trap
Conjecture City,531VgG5hLSn5hHrkv1O4xp,
Massiel,7gAcNqHWOMnqnsTBjq7v0T,cancion melodica
Mechi Rae,1ca1L3q5kSpGj3zG2bsUJD,
Magdalina Morozova,4Fvi5H6zFcm0Vwqsje9a5n,
Blues Company,3zL5MUHZLeAAM2ZTSKQr9w,electric blues
David Pataconi,3jy8XF3xA6p5WaGAjowKhF,
Bling Queen,16JsKECPdA0TB8CDjH7SI3,
BLIX10,06crTgVxsU2BEzjoMsEsWM,
Orlando Rayleigh,6BlFZEqjCaRYYHJNjFqNpW,
Mase,1wiBLzTI7z9RUwEpNPdFT6,gangster rap
Extraordinaire,2My8fntKLTCkG6qZv3cYc3,
YMR NIG,5DZ0lP99qAfsjQ2rKdGTEB,
BIGBODYGANGWAY KOBE,5eAqd6x1yimvj5uLOX49qT,
Living Water,1WQ2jgsbHq2Y7e4OdmlH4r,
Elijah Jaron,5E0jM30BEW9fYWc9tFBERR,christian hip hop
Andrae Crouch,3pxLSxg8klHu1L9d93cpq7,gospel
Lauryn Casey,69eqPo26QMxoDt0KQHZqRF,
Beneath,7uupcMg75EaX90407vq5ui,
Hot Sauce Johnson,2pJid8TsiqIZZkyVSerj7s,
T00M3R,6moCvEDohdzL8WXfd8jREa,
Hayzus Bari,10q2AoZmChVaVAoawxBLil,
Rico Dinero,7dJhm0lYFbqijs8UPHY5GO,memphis hip hop
Myke Anthony,6xH5z35Ei3HSudE8SIFt6r,
IEBABII,7lV7YlLVMxktHhDNNsBVYB,
Sons of the Pioneers,1gfIkFZ4hIs2gETkRVaY68,cowboy western
Komplex Mothra,3wwL6oUbHgREYitAFS1rdI,
Deuce 2much,5BXhzPwJrISqhvJk76zwst,
Tonic Echo,3DxMkE4y17OXxiqrnKCOGt,
CD4L Loco,4EBaEQzqP2VwNNz5iCo9Ce,
Juventud Y Sus Teclados,2tCVBNdi63eJKWIVedAryw,chilena
Swagger,0SYSWikyvvrbPzjOExKSAB,
Zucchero,2KftmGt9sk1yLjsAoloC3M,classic italian pop
Stephen Ashbrook,5A1zqHjMJykeutaVbsDHOv,
Dj Akatsuki K3,24OQe8YfncO2dQ6ygX8ukX,
張羽偉,46Y7GTrDD6yBgWt07pHqyK,taiwanese indie
Ozomatli,1An0HCtDktvCBDdFEu7HC0,latin alternative
Romilli,4TWm9Kr9ZnsKm0M695zAKa,dmv rap
Project Poppa,3MN2N9m3oekgxhqCuTdv5E,cali rap
Action E,1t58fIU3hllyrowSMwmkwD,
Witchin Alleys,0JK4YOsadM2gE60G7vRQvj,socal indie
EseEilien,5A3y7mnTFJmJGtHdDmrj6B,
Left Undone,5kTQpbQIdOcrokHyOppTHy,
Dominic Lewis,3L0d5AOt1pZZ2HxjJ15p2U,british soundtrack
Lil-C Super Ceezy,7ly82BVSEDiCUyscC7OY44,
Laughing Matter,6CM4KxgdoBr8nM4P2u71S4,
Bobby Fato,41kL8snu8tMXhMl4ta7C73,
La Quinta Estacion,7FZj349hdLfD6qzXkJLuAh,latin
DragonForce,2pH3wEn4eYlMMIIQyKPbVR,british power metal
The Pack a.d.,2gbOUPIhea9nrCmAeZBgpo,canadian garage rock
Los Dareyes De La Sierra,1ZMJSCQw8DIefcLb1FIpY0,corrido
279tyler,4B6vGtT2kSMU77pmaiqxlw,
Diega Reeda,4WY34tPWuSlDBjgW1qwzCt,
Sporting Life,5Q8ZKEsHuajOJBLw5wNeDU,fluxwork
Jean Philippe Crespin,1m9JucRccxarrlDYS7jz2f,
Cribbs,6S96diVwbO6XcdakTpQbSw,
Grupo Nuevo Convoy,5qeOM0ewvmHxxilikxE6IY,
Bam StaxkAlot,6G4S0DvGQvOgNYhrNqmWN1,upstate ny rap
Jackson State Sonic Boom of the South,4jxf2IvLwAr2gjgZWYMJDJ,
JR Prince,0I4bOMXmMAgVCySsQsrW5l,
Bware,3OgvQSuR9xAdVj4xYOeUj6,
SOUP FLAME,6HGwBrQhL4g6crUAEsQy3q,
Loura Sakiro,50WvpZYsp6gk7NKlrIwYMI,
Ellen Doty,0hdsFTHg1NJDgqujLLpY0g,canadian modern jazz
Jacob Thomas Pena,6RGzahK1O3Gx7eAWqrvjhX,
Meditation Sleep,1ooIrsAlsBmA0WsNLPqbri,
ALLBLACK,1cutd8e41XvxXnFPOFIxMD,cali rap
Mighty Clouds Of Joy,1i6bV1rRKRPTyssKZuLfwS,contemporary gospel
B.A.N.,0kl49aZd1paLkcwijmo6vF,
Piano Dreamland,3mBXnib4zsRnkM1m2Ezijf,classify
72tmac,3F6qteB9XZubqZQ5fYN7a2,
Billie Tasker,4G246pxc4YB8ZC2PkQhJWx,workout product
Leo Stroke,3au1InO9qUcmn0gFeloNsu,
Schy West,0AkljzAdRF11kgQmk9NIWv,
La Fiebre,2dJ841WWMQuBwrFtQmsOE9,new mexico music
MixxGod,7LMct07qB3O0BboLHnpNO2,
BLACK CRO55,5zvdkUTdnPtxg9FCzzwGgJ,
Pantelis Vassilakis,7id1uN49EQIyjyVUvD3Fav,
MILLII,6HJCLmmzLEhMa6FZN78uk2,
Isaiah Mathew,0yGRz98TeUN0XIuVabQDyz,
Cayo,1MEkNy8o7kUgle1Yrru6MH,pluggnb
Jazzy Kennedi,40M9m92RyNT0N5WQatUyJ8,
Jaslene Wolf,2tAgGSjCranShMxY7E7k4r,
Dario Peters,56A72CidsF06Sb4Yd6it3q,
Strome,1cnzsCaPaIVNP5IaSnqqMx,
A Story Told,0kMSrud2q1lDBgp43LwU54,pop punk
Dj Samuell King,2S3ooaesuxtk4M05eLgkuq,
Kooda bby,1l1UnkKft9IEFHSablBIDp,
Called to Glory,1oOBTVVA8JMIarpc9fjBFj,
耿真一,7FsxLsf4OP3mA7mnkLw47R,
Lil Na8,1JygLKyMevtU96P4b2raqQ,
Kb_n0credit,5xy1Cpv0HdbgeYMigTx4L1,
Osher Zarfaty,5F44M9Ol1HZJFN5q8DCK3U,
The Mother Hips,754hwfwMX4RL52JZYmQaBR,bay area indie
LUCKY3RD,2XkasFKl5fRYNJSktZL0ZX,houston rap
Goldenboy Countup,1NZ3XpKTnR2pHYZ8NXs7zr,
Chequita Izmael,1iMupJBDDZrQFeO1WJhguD,
Ohanna Psalm Bird,6qkfDhGm5yiDwzi2tt6W06,israelite hip hop
Goma Alamieyeseigha,7xqewPM4Hz0ItIAlhgJJwh,
Dolla D,4esplNul9GieFKhV9Gm6zg,
Porto Fino,1KBAMss5TbuIZUDf9STspe,corridos tumbados
El Jpeace,12wmhVyvcgTiKgSXeVH9CD,
OT LOVE,0YIQSiFKY6GVmFjGl7RHCR,
Tay Edwards,5L5s3I0o0bwCAIq0CRusWE,
John Van Ness,4V01ryutv1MyRoR36YvY0D,
Wild Echoes,0i689zJQJn77HJVSl4amSH,
Simon and the Astronauts,5YYFMfU9enN0juhCwzv0C1,
Deusé,4MZsjdrZfmNCIObQnuZXAB,
The Joy Formidable,4LdZNE5MHGqvc0N9ivXNF3,indie rock
Garon Brett,153Y6Q0O0aK6J5R2nkOcoX,
Lighthouse Park,2jvM5FOo2IVKXQnaw8J28T,
Orbital C13705,52JYNxRZuYKHI7zt8DMDEv,
Isley Dexter,5vJweOgAQv9yOhgyeAHsoy,
Jito,2vKdF1my4TIOuYUGS2yXpV,
G. Wayne Thomas,7Exv78PNLjT5P6W2DrjCjb,
The Czechaholics,1YCPM00fljZHIWgQaHdqQT,
Samuel Hernández,17XxPdvl2MD39MnT9zhNjU,latin christian
Kiyoko Sigrid,5WlDdCiQuAv8IOPXjULF2Q,
Cozi the Artist,1nIjCJEA1YN4itlz3SIchZ,
Chyse,3s0L5ogHsD4f0ZeEtYmGUM,
Rich The Factor,5QDNC7d83GlaTl7Jy9djQ1,hyphy
Selda Köse,2I4ZECeU7LAQlqJiBRydvT,
Kickkone,0TienkKQZW15SskWsr9GY3,
Honey Harper,01JvPU3kH9sxiT4EP0kmKg,alternative country
Gamma Ray,6LZE884lDIsCSLHuTplfGp,german metal
Johnny Rivera,3YUhNvMNTyZ65USgOFlq1p,latin
Vitaliy Jaykwon,03F58IfzFQkBUtKCCwD6eN,
Pegaso Lan 09,2Z2Tg7dVMuZTL1OMaipzhy,
DJ ShitStain,5pSXKMBGijp0TnNfua3BE0,
Cannady Law Beats,66OoCty7kcvKoLqmFOtLgc,
La Arrolladora Banda El Limón De Rene Camacho,5bSfBBCxY8QAk4Pifveisz,banda
Bryanah Dazhane,0bM3SAaMhn1Qtzo7mBgANP,
Nothing But Thieves,1kDGbuxWknIKx4FlgWxiSp,alternative pop rock
Leon Chavis,3LGYzKZ8o9c8rzrX3zeCRc,
Dj Karakarap,05u7XxgViXcb8QnjZQL1Re,
The Modest Pleasures,0m6ZBc5PCrqrRDZrNjy4fy,
MrDoTwoMuch,0MfiZQWBd3GgGCz871bSAQ,
Wizz Havin,36RF9L1ABN67l6lYDXYYcY,
Ratatat,57dN52uHvrHOxijzpIgu3E,alternative dance
Pasquale Panico,6Aoh6UVIVxANc8EC4O3IXo,
Vincent Wilson,0EfMOyxb2RPIsHZTTBJn19,contemporary gospel
Julia Jacklin,12fRkVfO2fUsz1QHgDAG3g,art pop
Brett Vogel,6Ju3vjOAPrKqBJd08xvRDO,
Rahzar Kenyatta,2x9zbtthEfypUjpSBYbQfc,
Rasheeda,3x6gZfwmkDn92EKOwnYq4H,atl hip hop
Caden Beardall,1RkcGcXfHivIjCJ1EQcZFl,
Sir Gracious,3DC7Jxk6ddBjSyzesxWEyj,
Ricky Naranjo y Los Gamblers,3QHgVGehVrkjjbskHJqfKR,tejano
Money Mont,4Vkssl0eQ3gLzIK7qH5rRw,
Jaze Asmar,2xGwpDI4pbEU4h1F8anECG,
Lil Tana,2FMYKf7For6edzam5bvIkp,
Rsb poopie,0wdgPddLWDdV8sK25Qcs7O,
Kapena,5ApzCoihjAuHAfGVoVqv61,hawaiian
Jazmin Sophia,5Hc4GRF8LfhnYl2teWPJHs,
Shmoneybaby,5j0qSw3sRVYmiWMtsU51Ln,
Reiss Woods,7AUDx1VbIpR6IoCK5ky1kZ,
Midnight River Choir,0g3GG9jA6IpOdwA4BFrRIQ,texas country
Av The Great,41S3yEVi8Aq22sFz9iVYn4,
Chandler FX,3eB9qB5UiWAprUOi6aO8LR,workout product
Rich Hardesty,1GyifHa6ld53743IaM6NLY,
Plank Mike,1qavJz0ZPuLj4GJwaa6emQ,
RAYLR,7CyXRafCovbTiamXukGAII,
Marinda Mekhiya,6jpFE4PT5heBYR8rXTcylD,
The Heart Creative,2EZLTJJhHZ6iLZR1h49Lsv,
Randell Leilany,5KXr0UEFlxauAN7oyfNWOp,
Phil Sosa,09HzEj56rGa0To0qEs48CE,
FiyaBoi,5aAmbvJzug4Bimn0MbCJv8,
Noah Cho,7nwQ69aEYSj6D4Sv49iAyR,
Southern Com4rt,1zVhn2ad7QYId8h1BE1LdK,
The Piedmont Boys,2ByDx6nGkAKOc4rtENrccF,roots americana
K Pill,4W09pESfLacGDbYjpM8mhD,
Tim Soucy,6fSvixjQmpfsf0nKFA4MNa,
Mean Old Fireman & the Cruel Engineers,7oFXujybtDH8jQDIDLPLkl,
Berry C. Alcorn,0126aZdX5iZ2UOkSTWesPO,
trenchbaby zayo,4jpZSiRnxfKrk1xC3IP4f1,
Collins and Streiss,6Q6nA0UwKA5QItPxAmU80w,
Paty Cantú,7K9rdoOJSiKXoVXPlSkGKT,latin
10ktherapper,0VcYAPmCnNkQkpzIW39U0f,
Pamala Ballingham,1fS9XyIWHYwRWhyTYsjktN,
Monoswezi,5CiNsR3D1igH6Ant0jVNFW,
Smoov-E,6AlpeYNAEx70w10UEvAM2i,hyphy
Mikie Campro,63d8kL7EvkKW7Scmx8xWkx,
Donkey Cartel,2dVdFlnSI4U2KU4z6PuLuk,
Swift Keys,1c4uDEqKYX9TMhv8K9wUui,
Nick Howard,7LiAa7T3c3xYt47RefalhP,
Moby,3OsRAKCvk37zwYcnzRf5XF,downtempo
Star Beatz,1EmiWdNunzc8IgGCJy5f5V,
cK classicalKid,2eyP8kCEtDWSWAC2gavpgi,
Bo Dawkins,3AcgjffNMq09JzA2YCQUD3,
SK Luchiani,5BkSUo8SZ5i5KsEI4vc39g,
Whosthahottest,4OBWIJjCjhzGuzTdl6SScX,
AXSANTOS LV,6dgKBlMaHKLq2sM2WorO6i,
DJ Starloon,2KCFIDx2Ie82r4Pu8v78qm,
BHM Pezzy,7xaXPnSn6yifWRDZmDoKPw,
Reza Bahrami,1EI4R2R2bS5yzhWLE7qOcB,
Josh Garrett,4gK3LtNQA660Q6FmTokWH4,
YotyBenjii,0mlR6NWSoS3sLrdG4QhXQs,cali rap
Z-Ro,6MrdwyCIKbpXmTKQBlG3uq,chopped and screwed
K.O from the Pilla,3fQoeftfpuKnrKqKPMvqFn,
Harris Hausen,20EUltkEIDPVO7aVDZDfej,
Aryanna Zuniga,5QwRcxHQMeRhQPy8HCi3qA,
Good Morning Jazz Cafe,55WniFK3Fs4B5G5wQNhkIL,
ShakeSumGeez,00JLK1NHGgEdUFRv5TV4cg,
Brian Adelardo,7239rkddVrjZLcHwUD7Lyr,
Los Montañosos Flow,21gYIOFcAmrmzrOz4KXr0e,
Yamilet Nielsen,6RSBTMauoGOhyJXoI4ne9m,
Blue Note,4nnylSyoNAVJhIp8bi4Ai2,
P.O.D.,6KO6G41BBLTDNYOLefWTMU,alternative metal
Krysiwebb,6vHaFMFXKxz5OPDqLj67jr,
Diamond,66s6j1hkGsF9kI1NMRmc0V,
Manic Vertex,1xpa2EOO6ziSiYBqL3s9wB,
NOHEZZO,0APPv98MeQEUqtdalGwrJ9,
"Sounds Of Nature : Thunderstorm, Rain",68KvrDM8KF36LHUvTgEIS9,sound
Dairanath Katherine Mix,1k7cif6aqdNyeGW78FlBtU,
Ian Thomas,3zN0v7v385HloFDdsAlQMh,yacht rock
Polland Kieron,6bsQxyd3E4fY7JVj2u4w03,
Terri Clark,0HLOP0AdsaWe5Pt5TNueGC,alberta country
ChaseUhCheck,6Yn8YiM5ddOF0WGzOfhmow,
LOREN RICHÉ,6Jcd6z5c1Bz7EyVq9fq2MV,
Hail The Sun,0XblvrTo6mnHOxWIP1t5T6,dreamo
Namute,5bs8CBiluPPwLhpk7GkXQ5,
TITAN BLACK222,75GjAATz2UpEqRe6R82JgQ,
Daduworld,1vrrSMQTcZLNX8IHqLHzry,kansas city hip hop
Franklin Stone,3ndhUwGxKRZrOIfLzbypsZ,
INNA,2w9zwq3AktTeYYMuhMjju8,dance pop
Adolfo Owen,1z9MtL7HiAugyBRphGgJ8y,
Somethin’ To Lean To,4qe4G1HFTvIabZ4u4o5t5s,
YoungAge,0PovHtAaOBHok8CyxEaojH,
Hadrian Prosper,2eRlKHZyTKKl7IszOVicgX,
Druidsong,0SCnzVu4lKA6OEbp9OmRIG,
Nito Mendez,5M70qeDvdGqYCKx6mrMNxi,musica jibara
Hope College Worship,6K290dJywQVhbL1EetQ62v,
JG Riff,50K3YxeJMeQ0W8aMswmpHE,dmv rap
Cynthia Chan,0oN5LkkQTj0jmUFfS96clz,
Nekisha Lynzie,0912GmAgbCCXwIgj3uUgpP,
Mariachi Vargas De Tecalitlán,0JTujDbHVqhWAGl06aaW78,mariachi
Shaniya Patterson,44ZK899QTaFRsAUfckPMcO,
Laurent C,7LEPKe0r3OAiQuoumXs8Fd,
O'Dre Dee,4tKvd0polPEVmaTjH2irAB,
EBK Osama,4IPF0W5crz6k789ytp6TTV,cali rap
Ray Ray the Introvert,1WF552wZAW7U3i5ioWCzdA,
Mercury Witch,6PjiWXLFzF2x4rzcnWSiOJ,
Mula,1GANWZHwCvVUzz3MuaE39V,
+ Ejay,7Fp8I5rc41uBffYe5fdEBX,
Winter Cherry,2hvd1U4achWkGBMlVICjyk,
Vrazels' Polka Band,1hhGssOczf41m4SoHPd1Bi,
Grandes Del Mer,5g8R4UPMZJ9dJrrBpFjJiw,
steezy elite,4eog2BYPoVbhABJq6DIOg9,
Peezy,6lOaHNmL3l3hKDGNf0egfs,detroit trap
J.J. Caillier and the Zydeco Knockouts,2aZWGWc6slM93SV9iYlK7P,
Chuck Maguire,1d8YvMjwIxH36LThUQ13p6,
Javion Denard,5DoSiYcuf7z1NNcrYY8QYu,
ARCADIO,0qZCNP3kC1lbuK553HwxwH,
Bob Schneider,4YOxTnmYogOpUPxrNTacvQ,alternative americana
MR. MAGIC,0d4ZL3EzlH4NOrTTAgxRAz,
Los Pescadores Del Rio Conchos,3h88VTqRj3GbUd2W41ZY5U,musica mexicana
Homeboy Lopez,0rDXvfX5k8omlPB0HOKJVX,
Pudge,7tkcceXDM2SMLLoungUQ7e,wisconsin indie
LawDatt,2J2tFyc2DC2ivkjMxraD5m,
Artamene,568SWEIeS0xF7754uDvXPy,
John Tucker,4rCiRoIHVZTa4E24lTteEa,indie r&b
Alex Alavi,3XFIbc9yn3LWD9jG6vMofS,
sietegang yabbie,2vZFGtnhq7Qgc2pBKVXeBZ,
Eagle Brook Music,5tyCFPuJFBRvJOwilvnlbI,anthem worship
Korey Mickie,2z8Yz3rJIgQXWCmivqQuWy,
Jameshia Shalana,4Egcguz5SpG0mSsFHLCoeJ,
Megan Hilty,7ks2IcGrojAKIxnUdkHBGk,
