artist_name,artist_id,genre
James Reeder,5YCUdcLdAbaYZcdZrxNzjU,[]
Cold,0Gw3a3BkWLwsMLFbOBmo6Q,"['alternative metal', 'industrial metal', 'nu metal', 'post-grunge', 'rap rock']"
TG,7qwOsGanRCnWgty6lX05P4,[]
Klaxons,2qlAMLpUyBjZgnzuFXXZXI,"['alternative dance', 'alternative rock', 'dance-punk', 'electronica', 'indie rock', 'modern rock', 'new rave']"
TG,7qwOsGanRCnWgty6lX05P4,[]
Various Artists,0LyfQWJT6nXafLPZqxe9Of,[]
Fiel A La Vega,66wxdAaC0UG5y6I080pwwP,"['puerto rican rock', 'reggae en espanol']"
Dan Griffith,6OqYK2O1Qp24aw7k2Id3Uk,[]
Flor De Tabaco,2xno1jPXudieXG5hnANmlH,[]
Lost Frequencies,7f5Zgnp2spUuuzKplmRkt7,"['belgian edm', 'edm', 'pop', 'pop dance', 'tropical house']"
TG,7qwOsGanRCnWgty6lX05P4,[]
Altin Gün,37PL04N8kBWWW69jdrMMWT,"['dutch indie', 'turkish psych']"
Chv TopSoulja,2I3BLyw3HPP6y24D18RreC,['dmv rap']
Dan Griffith,6OqYK2O1Qp24aw7k2Id3Uk,[]
David Pomeranz,6SuhlH2L1NB53bBscBqAdu,"['opm', 'soft rock']"
Ian Moore,5XZzCqzWFTBV6jgSAOtxTz,[]
Mahavishnu Orchestra,3Ao7NH7lRyQAeKQg2mlTcO,"['art rock', 'instrumental rock', 'jazz fusion', 'progressive rock', 'symphonic rock']"
Blackjesus Yoshua,2Dy3fOAUcKb7G3NdUcQuEG,[]
757babyglock,5vMrhEVHWJBSawMuBjAQRM,[]
Yung Shadøw,2pLDTWXQaRCbuhLSZOeJS9,[]
The Cars,6DCIj8jNaNpBz8e5oKFPtp,"['album rock', 'art rock', 'classic rock', 'hard rock', 'mellow gold', 'new romantic', 'new wave', 'new wave pop', 'permanent wave', 'pop rock', 'power pop', 'rock', 'soft rock']"
KingJa,1b6El8bvKjzqhdlm4W2wPF,[]
KayFresh,0AR12BdMaoz3cjMX0CTCQY,[]
Noob_Memeus,2IeO0DgXkCMFjpOVl8KaJC,[]
Miguel Bosé,7mWCSSOYqm4E9mB7V4ot6S,"['latin', 'latin pop', 'mexican pop', 'rock en espanol', 'spanish pop']"
DXM,5h5SJscpaZsndsRk4Y87bL,[]
Guardianes Del Amor,3NLDQVyI2LVtQFJt8JeAAx,"['cumbia sonidera', 'grupera', 'gruperas inmortales', 'musica mexicana', 'tropical']"
Django Django,2ARO60gI5do88ho6azmzab,"['alternative dance', 'chamber psych', 'electronic rock', 'electronica', 'indie rock', 'modern rock', 'new rave', 'shimmer pop']"
Appleby,4Y2i9jhU3jW0PVsvTLIbWX,[]
Blackjesus Yoshua,2Dy3fOAUcKb7G3NdUcQuEG,[]
Alex Alavi,3XFIbc9yn3LWD9jG6vMofS,[]
Alex Alavi,3XFIbc9yn3LWD9jG6vMofS,[]
Alfredo Olivas,5xYNmNkaWRqu3e5F4UXME8,"['banda', 'corrido', 'musica mexicana', 'nueva musica mexicana']"
Neo Soulstress,3QuXpajJcxsTVQxDknmOfu,[]
American Film Orchestra,1hW8XfsBJMvQ8qiIMDolET,[]
Christine and the Queens,04vj3iPUiVh5melWr0w3xT,"['art pop', 'electro-pop francais', 'electropop', 'metropopolis', 'shimmer pop']"
Tha Joker,7JDx2l9hbNg7vlr6eVLbKV,"['pop rap', 'southern hip hop', 'trap']"
Nick Howard,7LiAa7T3c3xYt47RefalhP,[]
The New Seekers,4jrTNltJtTMUfXybDdsHDn,"['brill building pop', 'bubblegum pop', 'classic uk pop', 'merseybeat', 'rock-and-roll', 'soft rock']"
Whiskey Child,1A6u64QbcSP2k0E2m5earf,[]
Noob_Memeus,2IeO0DgXkCMFjpOVl8KaJC,[]
Noob_Memeus,2IeO0DgXkCMFjpOVl8KaJC,[]
Blackjesus Yoshua,2Dy3fOAUcKb7G3NdUcQuEG,[]
Lugosi Smile,5t0szyKoLUHvZq0rSSeF8r,[]
Moby,3OsRAKCvk37zwYcnzRf5XF,"['downtempo', 'electronica']"
Otis Redding,60df5JBRRPcnSpsIMxxwQm,"['classic soul', 'memphis soul', 'soul', 'soul blues', 'southern soul']"
La Contraseña,2PuKI7JcPdtBJ0ZtfYHKl9,[]
Entrails of a Virgin,2OKDsua2FT01222SVT3WP2,[]
Dan Griffith,6OqYK2O1Qp24aw7k2Id3Uk,[]
Kitchens Of Distinction,2duIh1sS0qsKqvoPm0X2g4,"['alternative pop', 'c86', 'dream pop', 'nu gaze', 'shoegaze']"
Dan Griffith,6OqYK2O1Qp24aw7k2Id3Uk,[]
Jordis,6SFZSRQx5SsoFj65Co61mu,[]
Daniel Phillips,0owdG5uucyUsMUhhGueTeW,[]
Diamond,66s6j1hkGsF9kI1NMRmc0V,[]
Bubby Galloway,6FvW2P9oiLNiBbZ000SINI,[]
Joey Tapz,6auLa6Lr1THidBzXXtsqc7,[]
Ray Smith,19itQ3oNntbnKQNGw4AbFh,[]
Poco,0fyqyjD7pbaVzbu94ylWQR,"['album rock', 'classic rock', 'country rock', 'folk', 'folk rock', 'heartland rock', 'mellow gold', 'roots rock', 'singer-songwriter', 'soft rock']"
Various Artists,0LyfQWJT6nXafLPZqxe9Of,[]
Mahtie Bush,0rLDdj59oYTAxUPIFyCu99,[]
Lil AD,3X6ryh7SJDhpaEZyGfMYIx,[]
Q Da Halftime Show,6C4UV1NK9MxJuzTQUmYN8R,[]
Coaltar Of The Deepers,2S5Vk5knCxjALFqlMnULmZ,"['japanese post-punk', 'japanese post-rock', 'japanese shoegaze', 'shibuya-kei']"
Paulina Rubio,1d6dwipPrsFSJVmFTTdFSS,"['dance pop', 'latin', 'latin arena pop', 'latin pop', 'mexican pop']"
Harford,0wxUY31aX2A5LBVjVREXJt,[]
Blackjesus Yoshua,2Dy3fOAUcKb7G3NdUcQuEG,[]
Apache Chief,6RDjTs3OnBrFeavCSh051u,[]
Mean Old Fireman & the Cruel Engineers,7oFXujybtDH8jQDIDLPLkl,[]
Philly Heat,5CwoB7XzUFMwthLe1YekS6,['philly rap']
GreenEyez,2hhPFCuH3egG9D43288o8X,[]
Radio Base,2O07L4IuTAy1LU3Dtb2kfN,[]
Finestyle,7yctVa4BppKi6Cg1TVAv3J,[]
J-Dooly,0fS1aOC9PyZ6eJhadYveWm,[]
Infinite Nylon,7COBeZDDDGDwxHwu9Tz14O,[]
Josh Swish,6DmxOyaAWv0bXau6uGVLbh,[]
Chuck Maguire,1d8YvMjwIxH36LThUQ13p6,[]
Fast Money Neph,5S6xt4BKn9QZXhBsM3Nclw,[]
Titobeats,0QF82eXfMSaP9iePLe59BM,[]
Harris Hausen,20EUltkEIDPVO7aVDZDfej,[]
Big Rome,6d5uvfn75SP3QLXrr15ZNW,['bay area hip hop']
MK Virgo,0bRxzxcCSb0daEUtByuRUw,[]
Carmen (Television Soundtrack),2q3DulAoyWA3GbCsJWdLut,[]
Whosthahottest,4OBWIJjCjhzGuzTdl6SScX,[]
Alei Islah,77e0bU0LKeZ4AspZfRgq1R,[]
Techniec,2Hp47KRYxXE4agS6dGAcJl,['g funk']
Jace Everett,47DQBkDU2VieRG0aJUcPJs,['modern blues rock']
Yung Shadøw,2pLDTWXQaRCbuhLSZOeJS9,[]
Tsar Kangroo,7d7DHg6sUTtnvgBxpMmTSW,[]
Cannaboy,2hgV6EH8Dsr4zWJ2KHijlc,[]
Whosthahottest,4OBWIJjCjhzGuzTdl6SScX,[]
Various Artists,0LyfQWJT6nXafLPZqxe9Of,[]
Finestyle,7yctVa4BppKi6Cg1TVAv3J,[]
CiRcUs LiBeRtY,4I4rDrUIBB48EgmLfRBzgr,[]
Conjecture City,531VgG5hLSn5hHrkv1O4xp,[]
Alei Islah,77e0bU0LKeZ4AspZfRgq1R,[]
The Homeboyz,1l61cJnRmPBJTtyx8i6qDv,[]
Jack's Mannequin,42aeGx2I3uXINpGqC8L0LD,"['emo', 'neo mellow', 'neon pop punk', 'piano rock', 'pop emo', 'pop punk', 'pop rock']"
Young Gstar,1QEn55ojn4m4A9rnpCbtis,[]
Howard Shore,0OcclcP5o8VKH2TRqSY2A7,"['canadian classical', 'canadian soundtrack', 'middle earth', 'orchestral soundtrack', 'scorecore', 'soundtrack', 'video game music']"
Midnight River Choir,0g3GG9jA6IpOdwA4BFrRIQ,['texas country']
Deuce 2much,5BXhzPwJrISqhvJk76zwst,[]
New Found Glory,4ghjRm4M2vChDfTUycx0Ce,"['easycore', 'emo', 'pop punk']"
Lil Sinn,6LGt40Gw3HqXvqbn4U861i,[]
Bollobas,5hn4tB87c4Cv98wtVu5349,[]
Babyface Bizzy,6zcIQ0mWZZfSr1ejHDhUc7,[]
Slumm Prince,1RivVwlwtFFjqtGeyFLeEk,[]
Various Artists,0LyfQWJT6nXafLPZqxe9Of,[]
EKT 40,5vRrriPtaSMxBmpU2eMpO4,['ohio hip hop']
Drew Cooper,2y3yXzCO868BrQwptqvjfo,"['red dirt', 'tucson indie']"
John Tesh,59B2CHEMh1to8diq0jB92r,"['new age', 'new age piano']"
A New Orchestra,3qyfkBKHNOD9h8fP4M0peO,[]
Jon B.,3SRJWVa6lZnqRHOyAHmDrX,"['contemporary r&b', 'hip hop', 'hip pop', 'neo soul', 'quiet storm', 'r&b', 'urban contemporary']"
Work Music,3O7JbDL7rJi0qlyHKJ82oh,[]
Ysjonas,4e8ITbk9fhqRpvYAlqQ5sp,[]
Emmet Trill,5L41mL5uyxtIpTWIbYFUk7,[]
Ricardo Montaner,4uoz4FUMvpeyGClFTTDBsD,"['latin', 'latin pop']"
GC Classics,193nqYWcWu1IrTmQ9VSLZG,[]
Brymir,3YDtlBGmfvE2Xw0avhHeK5,"['finnish melodeath', 'finnish metal', 'folk metal', 'melodic death metal', 'melodic metal', 'symphonic death metal', 'symphonic melodic death metal', 'viking metal']"
Noob_Memeus,2IeO0DgXkCMFjpOVl8KaJC,[]
Ian Thomas,3zN0v7v385HloFDdsAlQMh,['yacht rock']
Noob_Memeus,2IeO0DgXkCMFjpOVl8KaJC,[]
380,113iSup6bmuEhJg9vA6rup,[]
Young Cassanova,0k6dg1P5T5eePfguel03MK,[]
Mourning Sects,4reeX7FKsoUpbY59vZ322e,[]
GOE,26PK1xrvehA1ZbOI2WemwS,[]
Solomon Bellamy,3wSDrQix5sDV6MHVuu1Ghw,[]
Bam StaxkAlot,6G4S0DvGQvOgNYhrNqmWN1,['upstate ny rap']
Various Artists,0LyfQWJT6nXafLPZqxe9Of,[]
FreeMind619,4TFEd5CFbQlQArj2ueTMnR,[]
Massiel,7gAcNqHWOMnqnsTBjq7v0T,"['cancion melodica', 'pop romantico', 'ye ye']"
Baby Jamo,6zFixzuUUZYLye59Ajwfb0,['dmv rap']
Philly Heat,5CwoB7XzUFMwthLe1YekS6,['philly rap']
ZayWild,2p42XLFOoNPAaDPi8UlyU1,[]
Tonic Echo,3DxMkE4y17OXxiqrnKCOGt,[]
Gamma Ray,6LZE884lDIsCSLHuTplfGp,"['german metal', 'german power metal', 'hard rock', 'melodic metal', 'metal', 'neo classical metal', 'power metal', 'progressive metal', 'speed metal']"
Prince Hakimi,56CXdZDHsGuRI2CnBpAtcd,[]
Artamene,568SWEIeS0xF7754uDvXPy,[]
Various Artists,0LyfQWJT6nXafLPZqxe9Of,[]
Plap Fieldz,5HO8I3YWRhVvNXQpXAN7FU,[]
$lumdogchedda,1Neg7t8jmlO7nkPkdgd5jB,[]
Prince Hakimi,56CXdZDHsGuRI2CnBpAtcd,[]
V12,7d6KdkbKMENsaMzsH1S7Z1,[]
Solomon Bellamy,3wSDrQix5sDV6MHVuu1Ghw,[]
David Banner,7jFaoqWPhYLrKzjzlpXmUO,"['conscious hip hop', 'crunk', 'dirty south rap', 'gangster rap', 'hip hop', 'mississippi hip hop', 'pop rap', 'rap', 'southern hip hop', 'trap']"
La Clave Con Swing,6FVjfDpR73xeKXPJF8jLyS,[]
Annamation,7mjmNa7O8VX6LhP28VCv15,[]
Lost Frequencies,7f5Zgnp2spUuuzKplmRkt7,"['belgian edm', 'edm', 'pop', 'pop dance', 'tropical house']"
Ian Brown,3s398TKZNahAURRacx7oIT,"['britpop', 'madchester', 'solo wave', 'warrington indie']"
Starfish Knights,2hwZutPStQBHZHjLhGCVLB,[]
Various Artists,0LyfQWJT6nXafLPZqxe9Of,[]
Walter Martin feat. Karen O,2kwgnlIyGVngxKzHZqpBV3,[]
Alei Islah,77e0bU0LKeZ4AspZfRgq1R,[]
The Czechaholics,1YCPM00fljZHIWgQaHdqQT,[]
Blackwater Noi.D.,6pmyfEYZhI5JAn6Xc6PSCD,[]
In Hearts Wake,30BDCIM0IdglDaLzvCYd0N,"['australian metalcore', 'melodic metalcore', 'metalcore']"
Alei Islah,77e0bU0LKeZ4AspZfRgq1R,[]
EseEilien,5A3y7mnTFJmJGtHdDmrj6B,[]
HunnitProof Boogie,0ApJ5Cu6sdSgekBWM6eiYp,[]
Rick & Bubba,3kwgO7of3NZcCCNBMFzdXy,[]
Tonic Echo,3DxMkE4y17OXxiqrnKCOGt,[]
Incubus,3YcBF2ttyueytpXtEzn1Za,"['alternative metal', 'alternative rock', 'funk metal', 'funk rock', 'modern rock', 'nu metal', 'pop rock', 'post-grunge', 'rock']"
Azure Dream Machine,00G692AtU7XI3NUd4wLuef,[]
Lily y Su Gran Trio,1EkkGZMmTdiipwf4zgzcDL,[]
Aborted,1XRhUgCyzIdeT8d9KMfeDR,"['belgian death metal', 'belgian metal', 'brutal death metal', 'death metal', 'deathcore', 'deathgrind', 'goregrind', 'grindcore', 'technical death metal']"
Wnc Whopbezzy,0JW2Wt06NncqOxA905C7Z3,"['baton rouge rap', 'deep southern trap']"
Confusion Born,5AQ52SHUxxjMRqKRtdmdZx,[]
zrfamelystudio,2CwnUMN4aOuIfHHnjfjRAK,[]
Northlane,3qyg72RGnGdF521zMU02u9,"['australian metalcore', 'deep melodic metalcore', 'djent', 'melodic metalcore', 'metalcore', 'nu-metalcore', 'progressive metalcore']"
Reiss Woods,7AUDx1VbIpR6IoCK5ky1kZ,[]
Sam Bostic,2efi9WV3Xk78woTKNL7UW6,[]
V12,3o2JB28J1zMWegUvHW9Ypo,[]
Sun & Rain,0jUBz5sT3bnf8nrfKqxTa6,[]
Joe Garrido,0e0sHqtWKqoamYvlvVZYCm,['chamorro pop']
Bonney B,6XKvbzCsCYEE0lMQ5rewcb,[]
Sonson,5fqxSk28Yc34R5suBUI4bj,[]
Dj Akatsuki K3,24OQe8YfncO2dQ6ygX8ukX,[]
Finestyle,7yctVa4BppKi6Cg1TVAv3J,[]
Sonson,5fqxSk28Yc34R5suBUI4bj,[]
Nick Nittoli,3xzm09zGUXD96eVSzTVNRj,[]
Yung Hop,6irekwvzK69GVGZIWWNtSC,[]
Bonafide Suspects,4upQwKkXBfMfkiUPkmU00a,[]
Daniele Nick,0CZn1bC3lbUYG9uivNDQLB,[]
Mac Black,19wcxH08hvMKikzjn9uPRK,[]
Keegan Chambers,4efFTs4iwHWTOp4umDESpA,[]
Leo Stroke,3au1InO9qUcmn0gFeloNsu,[]
Korey Mickie,2z8Yz3rJIgQXWCmivqQuWy,[]
Shannon Alece,3Un0HJRfS62m6DiAe4SLEK,[]
C.P Da BabyDon,4v8vtWPHLN9wmdQInjJ4Eb,[]
Natassha Reendo,3Apr2r1zJuLX8qKrJWm3tG,[]
Acidizer,2TO7FzFhVIWY7YLofV0hd6,[]
Kaneky White,56z7lf6zRc6YYdbgrpRr2c,[]
E.TEE,1LZqDxnkm6LiJLYs2KklIr,[]
K.Hill,2DdEe6cwLPK7y23x8zrPh1,[]
MK Virgo,0bRxzxcCSb0daEUtByuRUw,[]
Lil Kappy,3mBs1kWbkiVViXHrsigSAt,[]
Romilli,4TWm9Kr9ZnsKm0M695zAKa,['dmv rap']
Hangeelo Mixx,4tXSiWauWTcwS6fF5tcUll,[]
Dairanath Katherine Mix,1k7cif6aqdNyeGW78FlBtU,[]
ASMR Rain Sounds,1aoEFUliGr3znGWgnEVNM7,"['asmr', 'environmental']"
Sixtwoseven,46TRgWnJQ9e6TbvBTFulAm,[]
6kFly,4BscIuq0YBG4PFCZzBqiM7,[]
Dj Akatsuki K3,24OQe8YfncO2dQ6ygX8ukX,[]
Korey Mickie,2z8Yz3rJIgQXWCmivqQuWy,[]
Verde Babii,53BJ60lhX4jJI51f3YAlo0,['cali rap']
Samuel Hernández,17XxPdvl2MD39MnT9zhNjU,['latin christian']
Laura Alejandra HG,31Pkf85ltOuzfrTFdmMO4e,[]
Futurecop!,10yA9Y6h5wbDaX5XuZuA9X,"['filter house', 'nu disco', 'synthwave']"
Simon and the Astronauts,5YYFMfU9enN0juhCwzv0C1,[]
Natassha Reendo,3Apr2r1zJuLX8qKrJWm3tG,[]
4 Strings,2a0fbijQhcaj1hOFp5b3id,"['dutch trance', 'trance', 'uplifting trance', 'vocal trance']"
Honey Harper,01JvPU3kH9sxiT4EP0kmKg,['alternative country']
MadMisaki,1x80mA8w8tpshZwGOtlEt3,[]
Blue Rodeo,4M1fxLs3K8DkyCaTEpdfo0,"['canadian indie', 'canadian rock', 'country rock']"
King D Mr. Perfect,1hcHBYsB2RxBYEtCiw7PC5,[]
Eviltwin and the Leftbehinds,3LYiGZpdVxlgOHe8nHysM7,[]
Rocher,3aQmKr1QtVX8GT4en1mol7,[]
Top oppz,3knRdhoxTu0KcjfQGVphtY,[]
Optimist Prime,7F6PMFu6a3ct8SBW7lNLWH,[]
JAYTREMENDOUS,4tqsnYsMkwq09wwHNzm5BN,[]
MrRead,1wsb4RQrvumL3fWAAUpOGu,[]
Lofi Swole Beats,53N7OIe8cY9d2TZebL1FGw,[]
Tiny Towns,5uBLXhy4SG466WGhRjpMaA,['arkansas indie']
Flaco el Jandro,2VVgC1jDpquqRzWjRlaqf6,[]
Shinyen,2pRhZnY051qBuaNr8D86PG,[]
Harvey Mason,2MNNVXEpagQ3QWiOkXjQyT,"['jazz drums', 'jazz funk', 'post-disco']"
Mariachi Vargas De Tecalitlán,0JTujDbHVqhWAGl06aaW78,"['mariachi', 'ranchera', 'tropical']"
Space of a Day,5nNOI6NL16ypK6js5aiheB,[]
J-Eclectic,4xhXtRp6DT6h8Vsp72QFSu,[]
J-Eclectic,4xhXtRp6DT6h8Vsp72QFSu,[]
Coolness,6GL1tB1d5Lpqq0B6yU9NTz,[]
J-Eclectic,4xhXtRp6DT6h8Vsp72QFSu,[]
Kidricc James,0FxE19vNS9lmFdxdnfXoH0,['houston rap']
YNE Sosa,6fYqxXFRWpbTVlXcEmR3qr,['baltimore hip hop']
SYL noiZ,2OmdAhy2xwZkAyFEQPe7fq,[]
Hope College Worship,6K290dJywQVhbL1EetQ62v,[]
Cavedoll,4U6cZkjQE5aIsCnfL9DaJk,"['indie pop rock', 'slc indie']"
Kidricc James,0FxE19vNS9lmFdxdnfXoH0,['houston rap']
Five Finger Death Punch,5t28BP42x2axFnqOOMg3CM,"['alternative metal', 'groove metal', 'nu metal']"
ColdWater,617czz01pCp7VqT3q0ozZQ,[]
Willow,3s3gN7SrRhdmTCqpLiZbzw,[]
Jhon Ffire,5tErA3dlxTRk6WbJep4Kcr,[]
Dj Samuell King,2S3ooaesuxtk4M05eLgkuq,[]
LaShaun Love,1fo7NK0K2t82yIvc2cQSPU,[]
Hues Corporation,6PpGPIrFf3LM7Q77eR4Bts,"['classic uk pop', 'disco']"
Orgullo Guerrerense,5nnmFYAQVCVmMrUoA2P7zJ,[]
Jhon Ffire,5tErA3dlxTRk6WbJep4Kcr,[]
徐翊寧,18eKKD0crps6UFVJCvShcb,[]
Danny Shipley,4KhpYUXViTgQcBjt44t1GY,[]
Mac Black,19wcxH08hvMKikzjn9uPRK,[]
Lil 30,2j0VhndGlmnYzUICJRLMCy,[]
David Guetta,1Cs0zKBU1kc0i8ypK3B9ai,"['big room', 'dance pop', 'edm', 'pop', 'pop dance', 'pop rap']"
Tay G,7Fs12pWnztgd2dp03114CC,[]
J-Eclectic,4xhXtRp6DT6h8Vsp72QFSu,[]
The Paris Sights,3zpHlpUhM4n8UeGgXpT7Fr,[]
M.D.O.,3wFZEgEgFoF90ZLQGp6YGH,[]
Billionaire Dollaz,3OBWQyh6AlBPXDkST6vEtC,[]
J-Eclectic,4xhXtRp6DT6h8Vsp72QFSu,[]
J-Eclectic,4xhXtRp6DT6h8Vsp72QFSu,[]
James Reeder,5YCUdcLdAbaYZcdZrxNzjU,[]
Apolooo Dj,6CH5Pk7Wk9oM7VOQuy6OOr,[]
Dopeboy Ra,5eJxz230HlWQ0yaOm7DvWv,"['atl hip hop', 'atl trap']"
Dj Axel AA4,6jgm0uWn5p5zqbDVr9IOiJ,[]
J-Eclectic,4xhXtRp6DT6h8Vsp72QFSu,[]
Chuckyy_103,5IS3q1zYC5E9gtBZSlTfLn,['new jersey underground rap']
Whapö,3gidNPyIka2VXgIFIbFWqP,[]
Ayce,7rWpewtkqTrtFBLsUAFevz,[]
Citycentral Studio,735fCR8kyFCDfp2qHFJOZH,[]
MadMisaki,1x80mA8w8tpshZwGOtlEt3,[]
Alluvial Fans,0yjsV0KDq7scI0h2S7Kt6Y,[]
10ktherapper,0VcYAPmCnNkQkpzIW39U0f,[]
Lofi Swole Beats,53N7OIe8cY9d2TZebL1FGw,[]
Rare Essence,4vKZXZH0eDibGsDxMVzZDh,['go-go']
Apfos,0i7gpIampMkUKUA4hjKZCl,[]
Tse E2 X Tse Vic,66MBkYuqQEio6Lx8zwOKnp,[]
Monewaypeso,5Gzyp5xSnwZsk4J35XOaKl,[]
Chilly Chills,3p9w3hyHVCCa2ysaiMVYkl,[]
Lul Jody,2AnT5FjxWk0oUsvNGDowbB,['cali rap']
Quinn Hayes,3pxGQzPPlApVe7cOg0z7zM,[]
J-Eclectic,4xhXtRp6DT6h8Vsp72QFSu,[]
Juicethegod,1GIy2TphgA3IHQbz7vdAlH,[]
MK Virgo,0bRxzxcCSb0daEUtByuRUw,[]
JG Riff,50K3YxeJMeQ0W8aMswmpHE,['dmv rap']
Blake Shepperd,7ld3UJOPeSYC8LNt6Y5MIe,[]
Band$,6JuXDWRiL1ORov7eQrClbu,[]
MKE Verified,5lPPTyKMXaSC9VdXDT83My,['milwaukee hip hop']
Crush Control,0kwRdHBAjTmBZmGkl5VwQk,[]
Los Montañosos Flow,21gYIOFcAmrmzrOz4KXr0e,[]
Dj Neneco King,0bykXT2S0NWe4dZEqHUYKB,[]
Migo Lee,1mP33Jk5fMXnfDDBWPwm25,[]
DJ Madd Od,2pdjm3tVrz2oI0tmmCgX9K,['moombahton']
Leon Chavis,3LGYzKZ8o9c8rzrX3zeCRc,[]
Jackson State Sonic Boom of the South,4jxf2IvLwAr2gjgZWYMJDJ,[]
zrfamelystudio,2CwnUMN4aOuIfHHnjfjRAK,[]
Miammar Mixi,7z0EKruN2pgaIpwtiQtoN5,[]
Duna,1eZx75fGVjN3BvdzMT92k6,[]
J-Eclectic,4xhXtRp6DT6h8Vsp72QFSu,[]
Yantz,3PCkyuauezlLcalyNq2fM6,['bay area hip hop']
G. Wayne Thomas,7Exv78PNLjT5P6W2DrjCjb,[]
BBG CERTI,0ve6eUDzgiFlRGEoLBKIs1,[]
Sam Salisbury,6Z8RauyThkf4Caksdicow2,[]
Carrington Shropshire,3glsU9nSF46Nu44jTjrZbT,[]
Gordon Wilcox,6eQcuvCtTAxiGCFpURZQx6,[]
Warbag,1cwVKuvZrLITwFlDKanxxH,[]
Promise the Gahd,3oe28XSq0Vx8UqRYOa8W6Y,[]
YoungAge,0PovHtAaOBHok8CyxEaojH,[]
MyCrazyRO,4usd5ep7AaXv6ruKNj5qsV,[]
Rowan Herrera,2pVGw8ZsEt8SVzubR9fluN,[]
Yom,5ooH20gQVNZi7MVjmKJTec,['israelite hip hop']
B3NTLY,5jBmKVPNPtBDr4oVL3I10N,[]
GVO,0nD6ci8LYRPYwEM6kU8ovZ,[]
Yunuen Kayleeann,1r6xh0eo7KbtUVtqgllekj,[]
V12,3o2JB28J1zMWegUvHW9Ypo,[]
Sons of Vengeance,5hCcEb3nxuLMoflt50VrxW,[]
Berry C. Alcorn,0126aZdX5iZ2UOkSTWesPO,[]
Kill BAM,5EaYTZaCPKvGvAwQSfDgGW,[]
LILUZI,2dafYJe06I8XvsGmyBX1FG,[]
G Les Anxious,0WhQKfnFifTpJcYY0U5Blo,[]
Jaylaflame,5UdUCGK24WtRFRcXyzxN6U,[]
Addison Mueller,0l3uaAhAxyu6dt6EmKMsas,[]
Asher cataldo,641ZuAkoNfLGqu3Agb9Uy1,[]
Nawfside Deuce,0P18P4FQloJK518qmZpoQY,[]
Joe Posada,6UoIwlQHjb5bgnMgQEtU5P,['tejano']
LUCKY3RD,2XkasFKl5fRYNJSktZL0ZX,['houston rap']
Ear Ringers,0EqytrEgED4xtNwEj6KLWM,['socal indie']
Swishahouse,7qpbQKIG4ghU6YXxB5kI6r,"['chopped and screwed', 'dirty south rap', 'dirty texas rap', 'gangster rap', 'houston rap', 'trap']"
BlueStar,5AFxrcUnQieqnZy8bl0uZ8,[]
Alexus Hill,4epEXxJiY3ZGCuBzRZZzqI,[]
Beneath,7uupcMg75EaX90407vq5ui,[]
Pollie Pop,730ntnkLWwTRTuYtqvrKVP,"['chopped and screwed', 'houston rap']"
Eric Redd,1ZZVn0WHOvfOBeCo9L89sI,[]
Junipgene,5bfKau0OB93vEBoCLPZDXA,[]
Cozi the Artist,1nIjCJEA1YN4itlz3SIchZ,[]
Kyle Coulahan,3IdOgOU1lVWJMqpKYJQCD6,[]
Faith in Failure,7GvL1iwKDS4lOtqV35BN09,[]
Black Cats,1mdH8aU5nLGrkgbrHFSCXs,[]
Lil E,0zn6yzsbWj3EPMgOTqfG5k,"['indiana hip hop', 'jersey club']"
Peezy,6lOaHNmL3l3hKDGNf0egfs,['detroit trap']
Julie Neway,5mLyzG63CpBKYMUtBkpLLl,[]
Snugsworth,38PIRv5SnPsCwlQzoL1ec4,[]
WeSSmont SSkeme,4CyNPh6e0nwsXtuv6xRr5F,[]
Dillon Roach,4E6LjMk2SZirAPlfloYnIJ,[]
36JUNKIE,3hiO0MKb33oYUzlICVZzaz,[]
Homeboy Lopez,0rDXvfX5k8omlPB0HOKJVX,[]
Plank Mike,1qavJz0ZPuLj4GJwaa6emQ,[]
SENGNAW,6LTNVD6nwYXMQ7L8DSgSxW,[]
Lonely Drifter Karen,4irZYbJVWcTQ2P7ZT2AFCv,['dark cabaret']
Yota Dora,5k5R4ajM4cXyyu3H6cJgGk,[]
90Rackss,4mbXKDQUzc6rJt387z2X6b,['new jersey underground rap']
Dj Giulio Tartaruga,4Me7k7kLKo88MRPzXU5LGg,[]
Botella musical,38gm4THZg9KUU5Iggw9rEp,[]
Mercury Witch,6PjiWXLFzF2x4rzcnWSiOJ,[]
Z-Ro,6MrdwyCIKbpXmTKQBlG3uq,"['chopped and screwed', 'dirty south rap', 'gangster rap', 'houston rap', 'southern hip hop']"
Various Artists,0LyfQWJT6nXafLPZqxe9Of,[]
Lil Derik,7duWaUqESXdNsXB2ASvM64,[]
Bsgreck,427s1bsdnyCisTbBxrgSrq,[]
Blues Company,3zL5MUHZLeAAM2ZTSKQr9w,"['electric blues', 'german blues', 'modern blues']"
Karmaa,1J6GFbFd6KeiPNzx44ngVj,['organic house']
Wesley Michael Hayes,2mcH1Akr6Q9OUiAKdN9T46,[]
Mike Myz,7fDyajLwdCTNNsd3WXUXRs,[]
ALLiMiin,1WgoKQsyxMPcDCqncZmoQ5,[]
NOHEZZO,0APPv98MeQEUqtdalGwrJ9,[]
Nh-Dmoney,3ApPOxUHdtvcrZmKMtxbEg,[]
Mo Bandz,0pwqJw2WEgBmdiMLdViXrs,[]
Rich Hardesty,1GyifHa6ld53743IaM6NLY,[]
Jaydakay,0Ev18nqNns8GnEppTyX8qu,[]
Mz Blue,2tlYVJ6wMKx1dwLXKG7t5D,[]
Locos Por Juana,4AX0I32V6XRGh9aRv7wj2h,[]
Project Ririsu!,1OZZq5Q5z9mLSVNwb6EHzE,[]
Solakhyan,0t5ntftaF24V7Youejvl3r,[]
LoWlife Molito,3xWZZxmeKBamkSqkfrQPhw,[]
Carrie Newcomer,5RsLS2CnzkMCGfl3FobdUR,"['contemporary folk', 'folk', 'lilith', ""women's music""]"
MR. MAGIC,0d4ZL3EzlH4NOrTTAgxRAz,[]
Lil Raff,79hMHkb9qW4Iscc3eH9eqj,[]
Denae Joy,3jxScWgU8EB5lG1lbGZC5k,[]
BMO Yunginz,67mBzzM86ZtDix5C3Qzvih,[]
Chyse,3s0L5ogHsD4f0ZeEtYmGUM,[]
Greene Reveal,4WwiAuGznes1OqnqBISRne,[]
zrfamelystudio,2CwnUMN4aOuIfHHnjfjRAK,[]
Toddler Songs Kids,76lfjOzsF7ZKDKj3YqzwfM,[]
TopMaru,2kbu7N4aqdg4xA0FcHpVYn,[]
Lauryn Casey,69eqPo26QMxoDt0KQHZqRF,[]
Convergence Zone,6fG6vaaiPEm4g1X3Wq0Qwv,[]
5ever,3lXnQe3aE4MZOwFgfCuR5U,[]
Angelica Martinez,00igdJWCCfoilD0q5PeYVy,[]
The Strangers,6WYDmiSEZIX7ezoIj1ZXhS,[]
Camoflauge,7fdB0JdYsAMqzC3cQbyFl8,"['atl hip hop', 'deep southern trap']"
Tigera,63iKTbE14PjEPP69t1fHsm,[]
RIC SG,69jzupS5TvIkpOwp0PyKWk,[]
Called to Glory,1oOBTVVA8JMIarpc9fjBFj,[]
4th Hour,55i3j0k48brIA1MaIoulAR,[]
2WIN,2QtOemVYbYJCKOWFON8Sb7,[]
Aryanna Zuniga,5QwRcxHQMeRhQPy8HCi3qA,[]
Bustem,65poIR2iNdDbEWPAfx4l7n,[]
Trilly Polk,1n7St6qVOXBuqkf9vUNJjG,[]
Bossalini Brady,4KGnou4UIlGn9kQbpcnzGr,[]
J-Wonn,0EePyJpLbQopStamceVusG,['mississippi hip hop']
Mj2a,24qs2TVoDlwnipwQpS3bWp,[]
Kitten Music Therapy,2tjxeBHhsZa7TBNkk9LtxH,['therapy']
Pierce Pettis,5828rXFAsQDBaAEq8Nv1Kw,[]
XHAIDEN,6Ww77VdxKxFRfrNX7JDlMC,[]
Nicolas Muffin,4bmP0DG7b0VP7VFFNwgXqX,[]
BLIX10,06crTgVxsU2BEzjoMsEsWM,[]
Candy Corn,4EqZxX9VpVrPTf1Tcx9UrQ,[]
Shabazz PBG,4P5Fg5v3z8uDl7NyzDWGVp,['dmv rap']
nomen nescio,2EAvvKrRjOONEw3cp1yKEC,[]
Elide Haili,0Xrkp2Y0DmUFWzh417zL88,[]
Xmayne,7ctqR5udj3yR9QttCy5bYO,[]
Ray Ray the Introvert,1WF552wZAW7U3i5ioWCzdA,[]
Chosko,13dQiwJvvDmFPr4le9CnVt,[]
JANDASH,6CwBMhHM5JWOHtttWFBhH2,[]
Piano Dreamland,3mBXnib4zsRnkM1m2Ezijf,['classify']
Rosay Kane,0TFxJdFLD1TKnyyh7mMXkl,[]
Bware,3OgvQSuR9xAdVj4xYOeUj6,[]
Scandium 21,1XS35rgBdAHd7dK12ZY3Gd,[]
Satin Gum,620T4JvjHIR0XD62mbKe0i,[]
GoldMouf KeyLo,0E4p4uXHEdLtKcZXOXQejT,[]
N4l Swervo,6ydy5DLXZLUIbwR1eWAtl1,[]
Cezar Godbody,6zMWfdNkmUX7eW9YFIorGW,[]
khiiihv2,7GLwa9sn8LekuTMveWC6I5,[]
Ivory Wade,75SfPjhZGlNGtqhs37BGpU,[]
Diamond K,49EpGlFcfIaIcgPBdOrXOh,['bmore']
Doug Conlon,2q7eLWowQ732zTM4HHvaiT,[]
JUST BANG,7ivjkwvJTxaWHYlHp11b79,[]
4ressaTimeBril,7v7VnPjuiZvWnEBwbTyjr9,[]
Dalton Domino,2qsLBELO7Pw7Bpffvv9yDT,"['red dirt', 'roots americana', 'texas country']"
Jr. Melancon and The Come Down Playboys,5c27KeeqkvC3mGDti7x5oQ,[]
Nature White Noise,45Bo8dQGT3P8KcvAq8lp0A,['sleep']
Fear Nuttin Band,2drar2Z2EQi6lBYNiz0htR,"['rap metalcore', 'rap rock']"
Nick Nittoli,3xzm09zGUXD96eVSzTVNRj,[]
Magical Tones HZ,6ng89hgQeYM66usNS7jVVm,[]
Lighthouse Park,2jvM5FOo2IVKXQnaw8J28T,[]
Silvia Rolf,3sYRb7jcrRVYpGzzf39ySA,[]
The Homestead Act,54r6dJcmsXUtrlvj54bvKc,[]
4ressaTimeBril,7v7VnPjuiZvWnEBwbTyjr9,[]
Dat Boi T,4VIcSZlwRxIF6gPgtwSrbq,"['dirty texas rap', 'houston rap', 'texas latin rap']"
Casper Locs,0djQHvcSHwP5oxyyWRgSE5,['bay area hip hop']
WOOD SNIPES,0HewEBbQeDyAaEwmGEGzVT,[]
Garon Brett,153Y6Q0O0aK6J5R2nkOcoX,[]
MILLII,6HJCLmmzLEhMa6FZN78uk2,[]
Julie Neway,5mLyzG63CpBKYMUtBkpLLl,[]
Brilo,7HG6GDGsbwY7pBDq2my5bh,[]
City Wakes,7xfNuncHrWAAlMB7EhYOzu,[]
Orbital C13705,52JYNxRZuYKHI7zt8DMDEv,[]
Chequita Izmael,1iMupJBDDZrQFeO1WJhguD,[]
Christop Sharie,3XB5tZoRY4tqpIjE8kTz4M,[]
Julia Davo,5wNR8ruZEphxv31hBBD6jW,[]
Dj Alexander Black,3DAdJ8FCt1dqpHiCQMGKM9,[]
KILLA TEE,2oWsYtA9qCfDNkmvD8XvYB,[]
Roxanne,3h1YM5g1Qfvj4xd8TW7Qym,[]
Joe Garrido,0e0sHqtWKqoamYvlvVZYCm,['chamorro pop']
Pudge,7tkcceXDM2SMLLoungUQ7e,['wisconsin indie']
JayDubbed,46eg3mBJawOUvYTW7NEdmc,[]
Diamondboysupply,2l9xBbF625Pk4278B44cPD,[]
Kooda bby,1l1UnkKft9IEFHSablBIDp,[]
1KJay,4QihywYm30AusC94u75OcI,[]
Alexus Hill,56pshAKCx9nVuZbb2HovAg,[]
YaBoySam,2oVnFHS5go1Gwka1CIsbaP,[]
BLAXKO,3kxTDYMPujH7QouoTiV2SQ,[]
Jelani Kay,1ITHeiVPDFbmH8LRDTq8O8,[]
T.K. Soul,5S5ZSqk0z2CBHuCbqHjzCz,['southern soul blues']
Chily Y Topo,3RkToo5dTku7IxdUf2gsiI,[]
Michi,40vI7ieLn12eA3AcLVlODE,[]
Witchin Alleys,0JK4YOsadM2gE60G7vRQvj,['socal indie']
Lil T1mmy,4IUdl2iwGMnEtzzJcVhfeQ,[]
Thomas Hughes,32da64Orduy0G0P4DPMAPS,[]
Drowziii,1xyX4EvW6LaHiXswXNHTQw,[]
Red Dirt Revolution,3E6QXe6QCLbf3mAKvAtKAE,['red dirt']
Harsh Armadillo,0CJKJjpnqh9HvWnzSCb4nV,['new hampshire indie']
Ralph Narron,0BsL576nwO1nljVs7CFieD,[]
Sha.Severe,2uTB4DQN9075R7xA0meIio,[]
Mtb Ent,6BWZJsuAwhK6iEO995AUls,[]
Feeljones,1BAPKNKYY9vCAsoGPs9fHM,[]
DJ Starloon,2KCFIDx2Ie82r4Pu8v78qm,[]
Avery Stinnett,1B3kojQzPDHRZjL26bYrPH,[]
Bagzamilleon,6plWBjG8QZVqLPsfQsYv7B,[]
100 Mill Nova,4rH5phqHP3mjl9t2yMhve4,[]
HNR AVP,2dZrbCS0gZZviIk8I0qnSN,[]
Martin Chaparro,6DM4JpymKnUr3bdPbXn6hu,[]
MoeCarro,5f5iIyHJEnhBTlVk4A3Bc2,[]
Laquinn,4wHpKmkgoRq7h583h9MHpf,[]
Hemlock,01KMfMVTuZnbrp4o7C1TJA,['groove metal']
Timerogue,6lu0HYDKJ9gM0s96mVyWKZ,[]
Les B.,1uX6g4PhvEsDjaGKnYLok8,[]
Berry C. Alcorn,0126aZdX5iZ2UOkSTWesPO,[]
LA Konfidential,24EAlcqHqJobLOL38nbI9D,[]
Kesi Alasdair,6Mc76inVSgVVki07VOAJOE,[]
Cult of Sue Todd,5skhtYMWHJlMWo5G7MHaSu,[]
Vrazels' Polka Band,1hhGssOczf41m4SoHPd1Bi,[]
Eagle Brook Music,5tyCFPuJFBRvJOwilvnlbI,['anthem worship']
The Heart Creative,2EZLTJJhHZ6iLZR1h49Lsv,[]
Ali Sheik,4jErNKhzv5jQk61h8VWNFV,[]
Money Motiv,3cJXToAHbBhqcW9vqpI5mo,[]
LaTeel,7DJOlD4GOyVQ32CIv6owv1,[]
Dreco Street,6FuYOWPQLtK1xssJfqkLoJ,[]
Doctor Dubstep,2WGrVuyp6ov5kRhRKK4Oj0,[]
Brendan Abernathy,39ETOzAilLp4bcJAUU8mmW,['athens indie']
N-Sane,2zOmgdILWDWiEROU4vKA8a,['deep happy hardcore']
Corey Nielsen,3HpTdO52FjJn75IdZBXEdH,[]
Twenty Bandzz,73IhlEYk0X4xf0Pq2Bv9jr,[]
Lil Bouy,7GtaD6cfCsMtxSQDsJq9NN,[]
MrDon Pablo,1w9wwPcaTP2LPrCqmICaMY,[]
Brisa Martinez,67MwyE5933y5naNIJSorhs,[]
Ólafur,1dELkkfg8Me2Jxh8P9AUnj,[]
Kevin Roth,2F4M8GVuAxxf4QvbrpvLVV,['mountain dulcimer']
Magdalina Morozova,4Fvi5H6zFcm0Vwqsje9a5n,[]
Clipse,2J257euzcjnDLipsyJH3F2,"['alternative hip hop', 'gangster rap', 'hardcore hip hop', 'hip hop', 'rap', 'southern hip hop', 'trap', 'virginia hip hop']"
Case Hardin,19S0njv2Rc34xLJleIZBIN,[]
Various Artists,0LyfQWJT6nXafLPZqxe9Of,[]
耿真一,7FsxLsf4OP3mA7mnkLw47R,[]
Left Undone,5kTQpbQIdOcrokHyOppTHy,[]
The Paris Sights,3zpHlpUhM4n8UeGgXpT7Fr,[]
Adrienne Mckinney,1YBzSfrHvWjrv2WYQDvWeb,[]
MadMisaki,1x80mA8w8tpshZwGOtlEt3,[]
DillanMan,11jj9t151eXkUtiQJHL7pa,[]
CityKing,0yHLLQ6T7yyzznlTg5KWXO,[]
BandGang,2yDXJrRMtazFjwFZH2AfSI,"['detroit trap', 'scam rap']"
Elisha Peters,48UD1gTwxrr8NhK84SMEYz,[]
Ghettoartiz,1SSLdQ9iOFGlY0CT8hAH5E,[]
Briaunna Addam,7k326SwZRCBYVTsxfiWhsf,[]
LeNaSa,3cFhIk4715AilI4PpaKZ2P,[]
Margo Cilker,5E9q1sbVJ2MCiI8MMdPvj7,"['alternative country', 'indie folk', 'western americana']"
Noo Makes Music,2KAsaB5JXVQcoVQ59Dj3Wa,[]
Pawan Hansnarayan,5x0bA4OAA4GnSpJjtS3dBs,[]
Koby Rowton Band,2fDWaRAxBP797ZYnFDgLcX,[]
Lucius,1WrqUPWlHN5FXCRcQgrkas,"['indie folk', 'indie pop', 'new americana']"
AXSANTOS LV,6dgKBlMaHKLq2sM2WorO6i,[]
Noo Makes Music,2KAsaB5JXVQcoVQ59Dj3Wa,[]
279tyler,4B6vGtT2kSMU77pmaiqxlw,[]
Empire Strikes Brass,6puUKWNePi9oAm5jcnYpCl,['asheville indie']
Impact The Artist,2CusLsklMcPhuD1wZSl7R9,[]
LIL BLOCK,0QCDTijzEj5ufzOQAtNKoR,['north carolina hip hop']
lil jay,5KTip2p3oVt1xiVhz0yMSn,[]
Adrian Deniz,2dFHFW4SvRXJo70fhlcl5l,[]
Johnny Wakemup,5WFMDDg2WWOBOJl5MQSsij,[]
ALSO,7vvH30mFl9Pgn8M82wr3sR,['gothic post-punk']
Alexus Hill,4epEXxJiY3ZGCuBzRZZzqI,[]
Trae Tha Truth,49vCIUW46QY3L5vo1xVFoy,"['dirty south rap', 'gangster rap', 'houston rap', 'rap', 'southern hip hop', 'trap']"
Juarez B.,5GCxKTbu9Y3HiDbMb3kD3F,[]
emulate,0LK9JOFV2oQDAEz4b8g09W,[]
Action E,1t58fIU3hllyrowSMwmkwD,[]
Various Artists,0LyfQWJT6nXafLPZqxe9Of,[]
$ilv@,1niySy998ybz8L18PCWSHn,[]
Lil Bouy,7GtaD6cfCsMtxSQDsJq9NN,[]
Gilberyonce,4hu1gKKdkoFWHDZeyrd8nC,[]
Vladmir Rusov,0LQ9HhIPjrOS6k3QabgDpm,[]
Drawback,4N3pt9p0afaTIjaC4d5QHf,[]
Daniella Duffy,0DMhApootbOn55tMgdc8j8,[]
QUARRY,30rr7jOGy4sNsztAqGd8Mo,[]
Jetpack Friends,6bPvXGXmy5zhtXtAbfFl5D,[]
YeenIeenFr,6bDxXW4xsMnounweTTA8BQ,[]
Restaurant Jazz Music Collection,62x9O1H8xbIafhCsNdZVDv,[]
Mg Sleepy,4Lf9xLId6Ho8TdXSmhllxW,[]
Distinto Nivel,2Q6v219d1MJFDUwtXsPBSZ,[]
Fabolous,0YWxKQj2Go9CGHCp77UOyy,"['dance pop', 'gangster rap', 'hip hop', 'hip pop', 'pop rap', 'r&b', 'rap', 'trap', 'urban contemporary']"
The Mother Hips,754hwfwMX4RL52JZYmQaBR,"['bay area indie', 'western americana']"
King Poppo,6PLPH7ljap8toabk9zU0RG,[]
Jay Royal,5N0DiTFsT7MULrX4attC65,[]
Fatha Lee,1gAWIPbi9Z5Qla2T6H7jHp,[]
American Scarecrows,48CuqxIYDb6lNRYcxY8OwG,[]
Brynne Jashaun,5GR4PQDXCbKXh1mySUDPKM,[]
Roosevelt Diggs,4VzKvqrkARApt1DAgiQf2U,['grand rapids indie']
TreavionDaPoet,1kS0g2wbKCTYeisKBX0AEQ,[]
Maven Gray,7rFubQ4PlQmvyhuzuhNBeZ,[]
cK classicalKid,2eyP8kCEtDWSWAC2gavpgi,[]
YBA DJ,0WfElncoSHdWES4wf2Es9R,[]
Averie Fuller,19w6V4qJv1uJYcEl5sbvOB,[]
Astral Doors,0lc8BWRWnjTL78iCV21Bo9,"['melodic metal', 'metal', 'neo classical metal', 'neo-trad metal', 'power metal', 'swedish heavy metal', 'swedish metal', 'symphonic power metal']"
Brian Alan Hager,7CnSpNEPorm9nQ0Eb7yqCM,[]
Kandi,0ThrQemMA2B8xxusTUl8IM,"['contemporary r&b', 'hip pop', 'r&b', 'urban contemporary']"
Dredge,2ktvq1zH7OoQxd14fFWgOK,[]
J-Eclectic,4xhXtRp6DT6h8Vsp72QFSu,[]
Parker Pressley,5LtANC2Ng8gc8OMtofdSFj,[]
Justin Bell,7188eITYdz6DYjGHlRKy7S,[]
The Ransom Brothers,5rncE1MyNBmVsDVW9kTGF2,[]
FUGE Camps,0yiGQqKQODZNAltxbIcvXT,[]
JUST BANG,7ivjkwvJTxaWHYlHp11b79,[]
Skylight-Jazz,3OKXg1MB6BzYubgjTEveO1,[]
Johnny Wakemup,5WFMDDg2WWOBOJl5MQSsij,[]
Khallion,6ADwMQg9nxO6GZp0tfDhai,[]
Cibelle,3BfQyeTb3hG0Iy76tSWwAU,[]
Yody 4x,1wewcLUgdkeDzQILfsDTtH,[]
MoeCarro,5f5iIyHJEnhBTlVk4A3Bc2,[]
HD,4OrD3uJx3HZAAbIthGL3OU,"['cali rap', 'hyphy', 'west coast trap']"
Skinny Pelembe,1ZxriNuHn6Upjf3U97nnUN,[]
Julie Neway,5mLyzG63CpBKYMUtBkpLLl,[]
Saca,7GemidcS2u72YJ303WxCQs,[]
Tsukiyomi,0zFjbHCUsX9jgTNgBMK2zX,[]
YUNGBUDDHAFVR,3aqXzt1MZlNOMDhKYCGQDu,[]
Clay Fulton & The Lost Forty,0Qji2TfLSXn3bkV0VtLt8J,[]
Ice Beatz,6Ma5CwYNOMWHI94J3pzBgK,[]
Loura Sakiro,50WvpZYsp6gk7NKlrIwYMI,[]
Bone Shelter,6P3qTj7wfJy6fL2M9b9Pj3,[]
LoQuacious,5nHobhTCz7i2E5RS6CcoCl,[]
The Grates,1ky8wpsOZlKYf6T48YI0OT,[]
LongMoneyKese,2crx2AWx0tXJV4cJGBhMA1,['dmv rap']
The Big Larry's,1SFsmcF8td0ja9absEn1vG,[]
TrapDes,0oBZgZqdcpgOamLB8n5lXF,[]
Cameron Nelson,2Ny8UweFbddArUEfbK8Kqr,[]
ARCADIO,0qZCNP3kC1lbuK553HwxwH,[]
Jack O'Connor,5SekrugZumTpBywikDdrMI,[]
Deusé,4MZsjdrZfmNCIObQnuZXAB,[]
Damian tan,4ZZaYtnxtflXyV3oImfbO3,[]
Various Artists,0LyfQWJT6nXafLPZqxe9Of,[]
Glory,3aF2S6F6TTJby5toSw8eo8,[]
Tay Edwards,5L5s3I0o0bwCAIq0CRusWE,[]
Demetrius Hawthorne,6sos2IEzwUw8C3v0eHKJyL,[]
Omernac,3iUjXpHVJ9yK8I8bdGgImN,[]
Ots J Huncho,3t0reSevrtrvnbSccbMo7l,[]
Lil Sean,2qJsSS8XTnY9PvDdR1uxvp,[]
Dr. Dreamz,1gyUuMtlNk2aFpjJmUL2Eg,[]
N!que,5RUdzN7tW5MfO0AxYLqIFV,[]
Yung Cinco,3F6emzSuzTxYyhkszgQTIg,['sacramento hip hop']
nol Jones,1rFK9lYwQvaq7WvyrEiDQI,[]
Baby Jay,6al6P6qjyppNg7kvpZChMf,[]
TG,7qwOsGanRCnWgty6lX05P4,[]
Pantelis Vassilakis,7id1uN49EQIyjyVUvD3Fav,[]
Pigface,64mGp5QFpsekCRHe6RqDYz,"['electro-industrial', 'industrial', 'industrial metal', 'industrial rock']"
Pasquale Panico,6Aoh6UVIVxANc8EC4O3IXo,[]
Hamasaki vs Hamasaki,2btLKp8MbJaStla7beMBng,['japanese instrumental']
Dj Woozie,5rKc5pF6I4RQiATJGgq5Xj,[]
The Grates,1ky8wpsOZlKYf6T48YI0OT,[]
Kape-Hel,1CDGygSKxIPQkqu4jE1jjY,[]
G.B.III,1vuHraZMMERImmzOT1uekA,[]
Jose Manuel,1rXOb9uSnt1qvPF44FTplr,"['nueva musica mexicana', 'sierreno']"
BabyFace Gunna,0lwfj9lWtkPxdIWDU1bRqc,"['cali rap', 'sacramento hip hop', 'west coast trap']"
Nothing New,2JMoVoZq3lk62PQ51EAMpu,[]
KaNeina Bee,0vW2GlCxc6Xds0EXPGJhhR,[]
Highest,0a4p2CuW7mOVPqFHMOMa97,[]
The Patti Fiasco,5FdEWhwxUymeIIwQHycOJW,"['wyoming indie', 'wyoming roots']"
Kingdsmith,6W2l0a2ScBeq2TDeT1CrbP,[]
Bedžet Trpin,36oAaw9OVrS5IXIUG0KOIT,[]
Radical One,1oQJm3lSNWaMxcELxQTNS9,['moombahton']
Kenneth Slone,7FAn4hweGHDG2w0vmXbrj8,[]
Lisa Page Brooks,6mc3x5eqTyPPz5ydCnnlyB,['gospel']
John Tucker,4rCiRoIHVZTa4E24lTteEa,['indie r&b']
YMR NIG,5DZ0lP99qAfsjQ2rKdGTEB,[]
BLACK CRO55,5zvdkUTdnPtxg9FCzzwGgJ,[]
Blubabyhabib,1zuJx6ojzvQ8ktWjHdLR3U,[]
VityFlow,61tO9zDx4PeR0s3aFk1uos,[]
Brycen Thornton,6spACAr6n4NXPvmxu5yQGx,[]
cera,33MkYDZlOgGDyTub9aBOaW,[]
Bic Fuego,7xpU57jqDsWwhSL3JplAhR,[]
Ludwin Santana,4WTsIy33JrVVnroVa6oOCE,[]
O.BOY,441qDHQhITA2BDbX69GZAK,[]
Shalini Haily,3IKu6yL7oNEMXT3OTfIKuw,[]
Joe Dreamz,2NDmxCzi63l1WSNMj5oEJj,[]
Will Fletcher,3CeQY2zciMXtSqjvmNDJy9,[]
M.Simile,6MB3D3OaMTzoN1yIt3qvxR,[]
Polland Kieron,6bsQxyd3E4fY7JVj2u4w03,[]
R. Rose,4scmE5lCDElrEBqlXNy28m,[]
Sawyer Hood,3NPAz5zN9i5kfvGGw5ZLxP,[]
Thalia Donaldson,6xntQsMS3i8nOiN0FTrouj,[]
DC Powerhouse,4pND0uXIlO0hA7SLaWHSGj,[]
2oona Beatz,5gD06wW9T2DWbxHC2DRvHc,[]
Cribbs,6S96diVwbO6XcdakTpQbSw,[]
Yareli Herring,4TAMs1YUVd6yxNAGdNjsJM,[]
Various Artists,0LyfQWJT6nXafLPZqxe9Of,[]
J.Howell,5GU7EEftOdxcqM7nPoXLwq,['pop r&b']
Dario Peters,56A72CidsF06Sb4Yd6it3q,[]
M.Simile,6MB3D3OaMTzoN1yIt3qvxR,[]
5ht the Band,7KXRxPLYPsQglbc9LtrJOp,[]
Sean Brook,6O3dYuLnBO9i2PZbN0SjtW,[]
God's Gift Pete,2mS6BFcYuWAPZIJgfLvXIy,[]
Jelly Bree,6CCjPWY5bJCgHzoUlI7ei8,[]
"Love, Ulysses",6vVuNtKEn485upFfBuRsGj,[]
Marisela,73c2MjCAFNyKYIs7nBlqG2,"['latin', 'latin pop', 'ranchera']"
Fred Hammond,2ndyVAdV9UqF1XjyTJt484,['gospel']
Stikks Stillkountin,5tBKFAX2pyLKBaO94v4Jut,['indiana hip hop']
Journey Ortega,2VrMB5AcCa4AEU82SaElLB,[]
Willie Moore Jr.,7wmabrOYUmoxn9hDWILRWK,[]
Jaslene Wolf,2tAgGSjCranShMxY7E7k4r,[]
Escudo Armani,5tD8bbgEDBYY3qWJPaNSoE,[]
Big E 23,7G2JhGj5eeKrAdE9OTxiEX,['memphis hip hop']
Randy Barron,4wFBeLSe3jOtZamjGxDHbO,[]
Hashim,3QsdfUEsr4gCO5AuP7D4Bc,[]
Kt Foreign,5cArDHkqduJNS4bIuR1mnU,"['cali rap', 'west coast trap']"
Wood Willow,15xi9jGaqyFwxTFuoEj2Wf,[]
Melvins,6aVjo0xHSiuW5hkasoYSR3,"['alternative metal', 'alternative rock', 'grunge', 'nu metal', 'punk', 'rock', 'sludge metal', 'stoner metal']"
Lil-C Super Ceezy,7ly82BVSEDiCUyscC7OY44,[]
Ray Ray the Introvert,1WF552wZAW7U3i5ioWCzdA,[]
Professor Majic,3aYCIjGsQbEAnxeWX7kTGC,[]
Josh Garrett,4gK3LtNQA660Q6FmTokWH4,[]
Luis Fonsi,4V8Sr092TqfHkfAA5fXXqG,"['latin', 'latin pop', 'puerto rican pop']"
Samarra,2VPtTfetZtPeItU5ov1Vb9,[]
Kiyoko Sigrid,5WlDdCiQuAv8IOPXjULF2Q,[]
"Sounds Of Nature : Thunderstorm, Rain",68KvrDM8KF36LHUvTgEIS9,['sound']
Blacc Suhn,7wcKcbaD30IkkXhV7U7Zq6,[]
XHAIDEN,6Ww77VdxKxFRfrNX7JDlMC,[]
Schy West,0AkljzAdRF11kgQmk9NIWv,[]
Gregory Echols,6D5QcyeZiPCi2EYJJrljMY,[]
Pranita Jadhav,2GpzaYoSa65cWWPfWpvnPr,[]
Jesus-Divine,3R3f0GDkV3GDkdotKhCmrS,[]
NoHeart Shad,74e5KnezG5xVx5WwJZGrs1,[]
Big Oso Loc,56vPxeGYW3CkqbVryMJJQD,['bay area hip hop']
Various Artists,0LyfQWJT6nXafLPZqxe9Of,[]
Dj Pinpon,4d8CwUbAxMOvXsbn6JSKcf,[]
Grupo Vision,4WKOljIFPLglGQFFEK2HHJ,['tex-mex']
Dj QuillyJay,0OrXnZYcRLqRpvqrxs7LX5,[]
Lucky Luciano,2v4JjFwbhEkHnXQdMPpyon,"['chicano rap', 'houston rap', 'latin hip hop', 'texas latin rap']"
RIVER HOOKS,5BaMJXw2E4A7nZr9q9OMmm,[]
72tmac,3F6qteB9XZubqZQ5fYN7a2,[]
Zara McFarlane,2KwROtmoJfRcQHqDMiV6uo,['indie jazz']
Christian Rafael,5qwnJ6wu8cxVVIhBiaZzi9,[]
OFF KYE,7IGBDFrCaKHzYkDFM3JsLx,[]
HXE,33sT43HpTm0lrKxq9Wrxfz,['experimental electronic']
Speed On the Beat,0C3ziAfaMuVMrEWWX5lqqm,[]
FiyaBoi,5aAmbvJzug4Bimn0MbCJv8,[]
33 Yungin,7JgPTpcDlY0a3A9bVkFUn4,[]
GateCity Music,2vqJHB9LelfE18YIijMYgE,[]
Wes Howes,6GGi1puSL3Rv8RhAOm5mmy,[]
IEBABII,7lV7YlLVMxktHhDNNsBVYB,[]
Dub 7,3yIDAxmjV0J3TTd8xFXbFJ,[]
M.M. Kellybo,6nG6wVILFXfMwNqjMztMJu,[]
LS Thrillz,4oCHNPtanbqkuyre5VESAF,[]
Pankratiy Popov,4HD0NcvPi81NaRWfalReko,[]
j e f f r i,5mI3RbDAx3qBHPRAl1Z2Y7,[]
AiA LITT,59zWs0FraqkYOKclVavFqd,[]
KP SKYWALKA,0H20KZnm0XPqNYQ6EsIAyo,[]
Fix 4 Life,1BA0LYIKcClSNyqCCglzxX,[]
Chente Corleone,6tAgYpM8g6Uc5Vv2yuYPLN,['bay area hip hop']
Various Artists,0LyfQWJT6nXafLPZqxe9Of,[]
Grandes Del Mer,5g8R4UPMZJ9dJrrBpFjJiw,[]
The People Brothers Band,5qW6Bz0M52glLMQZqm4oRs,[]
Lil Carter Park,6uEcg0iJXLs3qdgyThdmlF,[]
Somethin’ To Lean To,4qe4G1HFTvIabZ4u4o5t5s,[]
Lightshow,0bxqbGrU4OdgDQNGs9DYp4,['dmv rap']
Elijah Wallace,4Ge9PS49G3qSU6A4MrD6PO,[]
Curved Light,2SSFTSkdw1v4DDjAI73PYj,['modular synth']
Sir Nyles,4Ul2zBucS9V3j7YkZRg7Xh,[]
J.J. Caillier and the Zydeco Knockouts,2aZWGWc6slM93SV9iYlK7P,[]
B Lou,1WWVUORh0X8EQR3X2r7UKa,"['beats', 'trap beats']"
The Fruits,1Hnkbw491mg7EBgdyCPVhy,[]
Hadrian Prosper,2eRlKHZyTKKl7IszOVicgX,[]
slimdadon,09rUisoU8wZsv91lC34a0K,[]
Jay Tee,2UDXcbtpHcTHCIaHo72NGw,"['bay area hip hop', 'relaxative']"
Lelo,6RcgNRwyY9YNTXd9luk8JW,[]
Project Poppa,3MN2N9m3oekgxhqCuTdv5E,['cali rap']
David Bisbal,5gOJTI4TusSENizxhcG7jB,"['latin', 'latin arena pop', 'latin pop', 'spanish pop', 'spanish pop rock']"
楊婉珍,3zigSchvOfp3O8m4pBJ5Jj,[]
FOA Alter,5qjrWa36xHQHqR3FHXMcCD,[]
Dickie Goodman,73HvLPUjbk78z3CgDtK2ht,"['novelty', 'parody']"
James Laurent,5XFVayXAxlBh069sqsr6h7,[]
Reza Bahrami,1EI4R2R2bS5yzhWLE7qOcB,[]
BackpackBoyz,6QpceHUSY5Sx0CBggkvwjH,[]
OBN Jay,1IIDXzVCV16qAYAICsL763,"['baton rouge rap', 'deep southern trap']"
Written to Speak,6VSXq2yYD3n5MFZ5ahIUDZ,[]
Prince Choi,21GBMuLoASe2BTjhAETfik,[]
KATIA LYN,6AUvBYHx1XSGUguHDoHWbg,[]
Jojostayflexingg,2AFEnyZSo7vA5oVr0SKRtV,[]
Christian Roach,7rt6ckhZE8SM3hOI4C6Om2,[]
Harfordrdtay,1lDlmyCgd6bCBV40lJOrAq,[]
DJ Michael Douglas,07NqPNzIwsvrHj3uysv58B,[]
Lucky Luciano,2v4JjFwbhEkHnXQdMPpyon,"['chicano rap', 'houston rap', 'latin hip hop', 'texas latin rap']"
Promise the Unbreakable,59LQ4muUTEdO3enORKHezW,[]
LOREN RICHÉ,6Jcd6z5c1Bz7EyVq9fq2MV,[]
Koron Raychell,0fvErHzjVPpvhr54xUEpAE,[]
Gbeatzzz,36M8i0tmrEKw61HwDYb0cm,[]
+ Ejay,7Fp8I5rc41uBffYe5fdEBX,[]
P Burg,5xfDxyG3ar5Nrl6JcAewt0,[]
Archangel,0OGu6nIWmkhpVoxYltbBhK,[]
Mr.Toptierr,0TkgG6IpUEqe1rMnObOXQb,[]
Sound of Rain,7G9rjpwTVuG4Qs5BIFH5jW,['water']
The Cardinal Health,5Jp8pR03xnIidwGzfFs93p,[]
Taz3dz,7zi5cj5S8JAs5myjOhepNK,[]
KeepItPeezy,3f55qpLMYoglqrUqZW2KMF,['cali rap']
MK Virgo,0bRxzxcCSb0daEUtByuRUw,[]
Hayzus Bari,10q2AoZmChVaVAoawxBLil,[]
Komplex Mothra,3wwL6oUbHgREYitAFS1rdI,[]
Doneil Freedom Ronald Jones,45vqI9hhj2f1C8LHg5kCOG,[]
Rahzar Kenyatta,2x9zbtthEfypUjpSBYbQfc,[]
John P. Kee,3WVgChZY3rEyeHd3aljzNl,['gospel']
Bo DePeña,0rmqoOuYF7OEJmlVXpMMp3,[]
Various Artists,0LyfQWJT6nXafLPZqxe9Of,[]
Rio Da Yung Og,6O1vRHWVGKJTnWuJmItnsx,"['detroit hip hop', 'flint hip hop']"
ShakeSumGeez,00JLK1NHGgEdUFRv5TV4cg,[]
Grupo Marfil Del Corazon De Tierra Caliente,6PGRmc8s56alLnCivth2ms,['tierra caliente']
$k Hatey,2XHqjWhOnAEl1g3u4uwNoE,[]
Ville Dinero,1KlTUlrvq5ehxITZ7GGVcf,[]
Blue Note,4nnylSyoNAVJhIp8bi4Ai2,[]
Tapri Grams,0cePXkZbB6Ehoy4EiKLIc1,[]
Asesino,5a11ve6ih7Nt2XyUlyMVBk,[]
Lil Ron,1CD955ajlybDLhmnMikUOa,[]
SifuGotBeats,1wF9gNYfeHmOQoUaQXQKiM,[]
April Start,5lBn5lHjoL6IDD5P2uuNX0,[]
Preston Sadler,6DdQ3pwwVe4ku9goGzqoh4,[]
Mozay Calloway,2Xtbpdp1ykNQVO3G8oZdM6,[]
Kier Byrnes,6Rlq2x6T74RgmOCqpVpI2y,[]
Davian Myers,27ZK43xWSTB6RvpMJxQkj1,[]
Cayo,1MEkNy8o7kUgle1Yrru6MH,['pluggnb']
RG,3VS62scscMAi4sEMdcVsK1,[]
Kunai Chrome,7wp4aWPB62zIVD8yYnKJbU,[]
Anora Rithvik,3ult5roQwsA7qYldudb67M,[]
Rene Ramirez Y Maduro,6KTFRnm6tChi6OheSZqlJH,[]
Ezzyo,6swiLAWat3kU87CNsqXV03,[]
Foundation,6qdLBpNDOt2V10d7pgRnu3,[]
MrDoTwoMuch,0MfiZQWBd3GgGCz871bSAQ,[]
MrDoTwoMuch,0MfiZQWBd3GgGCz871bSAQ,[]
Pop Evil,1pRaG81GsVtaTBuVSpldt2,"['alternative metal', 'nu metal', 'post-grunge', 'rap rock']"
Rich The Factor,5QDNC7d83GlaTl7Jy9djQ1,"['hyphy', 'kansas city hip hop']"
LMG JMoe,5tmJgMTUqE0D40UqJKK0fc,[]
Volatile,3R0vtRaOjiOcPUdCG10hrk,['electro trash']
Frenzy,4U03vXHuOMeZCXHsYWXbxc,[]
Sporting Life,5Q8ZKEsHuajOJBLw5wNeDU,['fluxwork']
Los Pistones De Uriel Valdez,7k1FiT4LBe1fIkVSdI8Dmn,"['corrido', 'corridos tumbados']"
Dueto del Sur,5q30dLuraZ80J5S3h8qAKg,['musica costena']
Various Artists,0LyfQWJT6nXafLPZqxe9Of,[]
iamamiwhoami,6UOcY6w4K6Ek5Lw5rFDHdP,"['alternative dance', 'art pop', 'chamber psych', 'chillwave', 'dark pop', 'dream pop', 'electronica', 'electropop', 'metropopolis', 'neo-synthpop', 'new rave', 'swedish electropop', 'swedish synthpop']"
EBK Osama,4IPF0W5crz6k789ytp6TTV,['cali rap']
Eyesayge,7B7hGwsEWeuu0bx52bu0GL,[]
Glizz 4L,4XygY3nyYaM5m6kIKNWYI3,[]
Nipsey Hussle,0EeQBlQJFiAfJeVN2vT9s0,"['conscious hip hop', 'gangster rap', 'hip hop', 'pop rap', 'rap', 'southern hip hop', 'trap']"
Young Martian,1J3IGImV8ahFWyFZSBSZK8,[]
Lesley Braden,2aNYu0i3q1XOv1SNNrNmaG,[]
La Arrolladora Banda El Limón De Rene Camacho,5bSfBBCxY8QAk4Pifveisz,"['banda', 'musica mexicana', 'ranchera']"
Lost Frequencies,7f5Zgnp2spUuuzKplmRkt7,"['belgian edm', 'edm', 'pop', 'pop dance', 'tropical house']"
Los Ligeros De Zacatecas,06EfvOj40GoaH1Txm6mDhz,['deep norteno']
Musiq Soulchild,3UVRliakQfa1pMWIsNuiZ8,"['contemporary r&b', 'dance pop', 'neo soul', 'r&b', 'urban contemporary']"
Geru y Su Legion 7,4BNrYSNWfcX7x10nmCpkch,"['musica mexicana', 'nueva musica mexicana']"
The Impossibles,6Pb60Ybf9HbyRRQ2ygmeNX,"['ska', 'ska punk']"
Sunny Ozuna,06J9IFl5mBLAPpKsmtLAss,[]
Joey Tapz,6auLa6Lr1THidBzXXtsqc7,[]
Joey Tapz,6auLa6Lr1THidBzXXtsqc7,[]
GOE,26PK1xrvehA1ZbOI2WemwS,[]
Nick Villarreal,2eA7XJzKSeiBBbIE0FR3LF,['tejano']
Rico Dinero,7dJhm0lYFbqijs8UPHY5GO,['memphis hip hop']
Baustelle,02G0wSA5mAINnHX3nTCaHi,"['italian adult pop', 'italian alternative', 'italian indie pop']"
TroyBoi,0tvpihdAsKiNnP6sWS3jUI,"['bass trap', 'edm', 'electro house', 'electronic trap']"
Los Pescadores Del Rio Conchos,3h88VTqRj3GbUd2W41ZY5U,"['musica mexicana', 'norteno', 'norteno-sax']"
MrDoTwoMuch,0MfiZQWBd3GgGCz871bSAQ,[]
Various Artists,0LyfQWJT6nXafLPZqxe9Of,[]
Aki Lo,6mTlrVt3a64nk63skfoAoF,[]
Javon Jackson,57vcT3Th6V43bi5Jr5aSZl,[]
Winter Cherry,2hvd1U4achWkGBMlVICjyk,[]
D-One Tha Chosen,23ASgXYaK5LAyE5hqspVXm,[]
Wampeters,17Bz2vZSAdlPNorYqylhde,[]
Major Lazer,738wLrAtLtCtFOLvQBXOXp,"['dance pop', 'edm', 'electro house', 'moombahton', 'pop', 'pop dance', 'pop rap', 'tropical house']"
EBK Osama,4IPF0W5crz6k789ytp6TTV,['cali rap']
D-One Tha Chosen,23ASgXYaK5LAyE5hqspVXm,[]
Red Lion Mello,3atKjOiyBiBYBr3VF4O4tn,[]
Various Artists,0LyfQWJT6nXafLPZqxe9Of,[]
D-One Tha Chosen,23ASgXYaK5LAyE5hqspVXm,[]
Ivan & Alyosha,3D1IyJznpDnWnnFrzjuWnh,"['acoustic pop', 'deep new americana', 'folk-pop', 'indie folk', 'indiecoustica', 'new americana', 'stomp and holler']"
G. Champion,6x5EXgF351jczEijY2ynqe,[]
Brushville,0i05YFzGvy2pKkCQI6jJ2o,['normal indie']
Amen Quartet,1DM4oCGhPZYbmZCDTXsnkU,['baptist gospel']
TrealOrTreally,3OZnWmfYWDuitxjvBrKFWD,[]
Lil Tana,2FMYKf7For6edzam5bvIkp,[]
TRUCHA,5t5Gj6311CDZRg4uP9Zngs,[]
Cynthia Chan,0oN5LkkQTj0jmUFfS96clz,[]
Wizz Havin,36RF9L1ABN67l6lYDXYYcY,[]
TOPKILLS,5tusxY8UFK9uBRiceDznTB,[]
Juro,69I1Wom69Xg991BpoWXIQC,[]
Jameshia Shalana,4Egcguz5SpG0mSsFHLCoeJ,[]
J-Money 13,25Hm8SpBmSYNLaUcDZeM7X,[]
Que$t,3ews8WWY7fOjl21x6oIBRK,[]
Zoe Jean Fowler,79i4Y9rLmj4djhik1uYDQm,[]
Woodz,6rCBKqxSlroJhPzdL67xpu,[]
Nito Mendez,5M70qeDvdGqYCKx6mrMNxi,['musica jibara']
Huncho Q,6xiBOu0k01aGiqEFzfacwJ,[]
SOUP FLAME,6HGwBrQhL4g6crUAEsQy3q,[]
Freaky T,1JgGbOvbQ0pBhqnjfmyqm9,[]
Vv Drip,1T85JKdRnOvNIVY6grPxgR,[]
YenoMason,44PN5d998Qjw5In2BFILut,[]
Prince Poodie,0LtUKMqNFThmMIxv9RCZ2q,[]
Nathan Johnson,0zWHBQv6knnmZSovIvl6b1,['soundtrack']
A Rich,22QVKsj89fqiiPuBAq1Xfu,[]
saucynosoy,7sXQNSd6cFwbFGSErNiEG5,[]
Albeez 4 Sheez,5UaUldJlGJAFhs6aD1Aq4q,[]
Vitaliy Jaykwon,03F58IfzFQkBUtKCCwD6eN,[]
Dolla D,4esplNul9GieFKhV9Gm6zg,[]
Neal Schon,4YLlWUd8PnnyGVKxqoebs7,"['instrumental rock', 'neo classical metal']"
Just Lucas,3TjPkiceyQFSlfPsqpKSIb,[]
RAYLR,7CyXRafCovbTiamXukGAII,[]
GC Classics,193nqYWcWu1IrTmQ9VSLZG,[]
Gwapmizzle,30fTZO9X1kpqkt2yuxPojv,['underground hip hop']
Madisyn Carlson,6CkTuIqDlBghlBe1d5NE6X,[]
Bo Dawkins,3AcgjffNMq09JzA2YCQUD3,[]
Lil Ty,4mtEjp03fTTtAKlE5CwAK3,[]
Dead & Company,4QMYdqiJf5bEC7P0EHbnxn,['jam band']
Emir Peškir,2if4UPk5txaXCUsHoyT2dg,[]
BHM Pezzy,7xaXPnSn6yifWRDZmDoKPw,[]
Bob Schneider,4YOxTnmYogOpUPxrNTacvQ,['alternative americana']
NvndDon,2W34Z1DNy7QQ0yVU67soXu,[]
Brett Vogel,6Ju3vjOAPrKqBJd08xvRDO,[]
Childlike CiCi,1cgfDToH1viXSfFzd5WOz1,[]
Mechi Rae,1ca1L3q5kSpGj3zG2bsUJD,[]
Derrol,1rc39ZvAFk7t5PsByX1hjP,['lo-fi product']
Wagner Linan,3VTB9pBXWCGjCpUqvz4kdw,[]
OT LOVE,0YIQSiFKY6GVmFjGl7RHCR,[]
Ladka Šuster,6AnFkZOXSN1LoRNPIx7uXz,[]
Meloyoung,26B68NjVoVQITKtwIlw1la,[]
The Trims,0PQZA3CyUCsOYsm1cuhq5a,[]
Nick B.,1FUAUGNUT9j2COhqowjENS,[]
Yamilet Nielsen,6RSBTMauoGOhyJXoI4ne9m,[]
Jay Tee,2UDXcbtpHcTHCIaHo72NGw,"['bay area hip hop', 'relaxative']"
Extraordinaire,2My8fntKLTCkG6qZv3cYc3,[]
The Phillips Family,1oHKLfapTWFj7n8J6HhKAH,['family gospel']
Lil Bouy,7GtaD6cfCsMtxSQDsJq9NN,[]
Bedtime Instrumental Piano Music Academy,5HWdIq3PMnRmEFKSBMXHn7,['pianissimo']
The Platelets,3wGIiXCHUowBPwzbXnBENY,[]
TimoBeatz,5fW6wRPZztfyy7MUhVz0ov,[]
Neddyboylive,6VS4ANsHfkzzjh0cNMJhco,[]
Jackson Pines,2uJ97ADYpRDoxMkCcnpKQs,['asbury park indie']
Swavy Wey,2aWHJBYFpBZ2yVaIn0aQB5,[]
Jaywonn,3eTv0YTRgkdevqNBsSL9CF,[]
Andrea and Mud,2IW4MLR7TBzqVSl8LBrmws,[]
Smoov-E,6AlpeYNAEx70w10UEvAM2i,['hyphy']
Dopeboy Ra,5eJxz230HlWQ0yaOm7DvWv,"['atl hip hop', 'atl trap']"
Vinyl Green,1Azpuzgyiu3T9WPCIGuGkP,[]
Jon Keith,0PUc1lwaZpPJaMr0v4Gdvo,"['christian hip hop', 'christian trap']"
Laurent C,7LEPKe0r3OAiQuoumXs8Fd,[]
Hanna's Reef,6TZDVqCcPX9NmHcBdlElGK,['beach music']
kidben,0V7HFA9BiV4nOgA6Q4W9GB,[]
Caden Beardall,1RkcGcXfHivIjCJ1EQcZFl,[]
Island Music Classics,3NQaou5DgM6HewP9ZWfsyA,[]
Namute,5bs8CBiluPPwLhpk7GkXQ5,[]
hotdog,7cSEStyNA89XHXv66vsrsD,[]
Some Guy Named Lee,49TWFkK5bUcXhfi6PG0uV3,[]
Jacob Thomas Pena,6RGzahK1O3Gx7eAWqrvjhX,[]
JC Humble,1vtOfGIKGTRK6zJ7Eq3A0v,[]
Optimist Prime,7F6PMFu6a3ct8SBW7lNLWH,[]
Chris Heifner,0LBk6TuRDJqJ1U8sJM9fUJ,[]
Shmoneybaby,5j0qSw3sRVYmiWMtsU51Ln,[]
Comedy Hill,2nvrnq94hAXnEfGAM61t0v,[]
Mark Anthony Polanco,5W9F0aqdt8skGxPdhrS1XY,[]
Eldest Son,0JNYoJ2fPtqu5vweY1rnGY,[]
Osher Zarfaty,5F44M9Ol1HZJFN5q8DCK3U,[]
Zachery Le'on,2NzlZWuME7xHERDfElTZHx,['indiana hip hop']
CS Tribe 319,59HElyvexZ4SOJPfEkGQ0s,[]
Gummibär,6NJb7ZCMVLu2ZXwWJa2O3G,['cartoon']
Ghetto Goose,5zQqIpZee8sHdKbxVFeEP6,[]
Monoswezi,5CiNsR3D1igH6Ant0jVNFW,[]
Matoma,4YXycRbyyAE0wozTk7QMEq,"['dance pop', 'edm', 'electro house', 'electropop', 'pop', 'pop dance', 'pop edm', 'tropical house', 'uk pop']"
Brndnlx,39jx82egvgGGN3PGoeiAo5,[]
GHØSTKID,2ooWmQC4NQUQZ3z00mZQyK,['german metalcore']
Kissy Sell Out,0rpDUfXxUvzGqZXcKaN89T,['fidget house']
Seek,0scch5bA4RphAUD8XuYH6k,[]
The Sound Of Urchin,2MiBK2lfgPdfayWVlh6ya0,[]
Los Pericos,7FnZWGw9lwOr7WzieTKEPR,"['argentine reggae', 'argentine rock', 'latin alternative', 'latin rock', 'rock en espanol', 'ska argentino']"
KOBUKURO,0llYwFIMgF9Jzmp4ZY7wbr,"['j-pop', 'j-poprock', 'j-rock']"
The O'My's,1GQx6SUIHxDC1mRIFIpslD,[]
INNA,2w9zwq3AktTeYYMuhMjju8,"['dance pop', 'romanian house', 'romanian pop']"
Mariachi Vargas De Tecalitlán,0JTujDbHVqhWAGl06aaW78,"['mariachi', 'ranchera', 'tropical']"
El Gran Combo De Puerto Rico,6nnspeopmJAG07xOxHmqTu,"['salsa', 'salsa puertorriquena', 'tropical']"
Alex Alavi,3XFIbc9yn3LWD9jG6vMofS,[]
Pilot Cloud,44Zv5P8g4ytb9Nk2QwDTBB,[]
Marques Houston,1goOx6gnQdUllLfSMsL4Rt,"['contemporary r&b', 'hip pop', 'pop r&b', 'pop rap', 'r&b', 'urban contemporary']"
Lugosi Smile,5t0szyKoLUHvZq0rSSeF8r,[]
The Zheroes,6qz7QVIcaI9Rf7d5C5J1l7,[]
Mighty Clouds Of Joy,1i6bV1rRKRPTyssKZuLfwS,"['contemporary gospel', 'gospel', 'praise']"
Isaiah Mathew,0yGRz98TeUN0XIuVabQDyz,[]
Black Da Runna,6f9f2H2QuGwgzsOSt6bdRt,[]
Wax,36kzCQhGfJzrLuZzrHweNV,[]
Daniel Eli Sanchez,5O38GXgHc9nKh9N3PbOAcf,[]
Jito,2vKdF1my4TIOuYUGS2yXpV,[]
Ksl,1Xq4nwjlEyo7NCTDIdMcyU,[]
Marcos Orozco,1KuRTCSQImVoNoyQ2UbMIp,['tejano']
Caitlin Rose,41LGTx1fpA69G2ZAJKZntM,['nashville indie']
GOE,26PK1xrvehA1ZbOI2WemwS,[]
Mase,1wiBLzTI7z9RUwEpNPdFT6,"['gangster rap', 'hardcore hip hop', 'harlem hip hop', 'hip hop', 'hip pop', 'pop rap', 'rap', 'southern hip hop', 'urban contemporary']"
Outside Broadcast Recordings,3RchxeOVaDXmQRBWeL5CNZ,"['environmental', 'sleep', 'sound']"
The Holy Modal Rounders,5ZjKW4JhcFuOXLpuJrr8wJ,['freak folk']
La Fiebre,2dJ841WWMQuBwrFtQmsOE9,"['new mexico music', 'tejano', 'tex-mex']"
Sonson,5fqxSk28Yc34R5suBUI4bj,[]
Sonson,5fqxSk28Yc34R5suBUI4bj,[]
Banni Behr,4XxkgtDuXnyl4rQlgDyzLq,[]
Sonson,5fqxSk28Yc34R5suBUI4bj,[]
John T. Wurzer,4QvUjxWJGxOnNCBfjofNQ9,[]
Verde Babii,53BJ60lhX4jJI51f3YAlo0,['cali rap']
55Quan,3w2YJHptJpmp2xOU1T0Ss6,[]
Roger Taylor,2PZEd7yktruWruOqORRChA,"['album rock', 'rock drums']"
The Joy Formidable,4LdZNE5MHGqvc0N9ivXNF3,"['indie rock', 'metropopolis', 'nu gaze', 'welsh indie', 'welsh rock']"
Tommy Dorsey,4WoGga7UeRcmjD4ufif4nG,"['adult standards', 'big band', 'jazz trombone', 'lounge', 'swing', 'vocal jazz']"
Dan Griffith,6OqYK2O1Qp24aw7k2Id3Uk,[]
K.O from the Pilla,3fQoeftfpuKnrKqKPMvqFn,[]
Orgullo Guerrerense,5nnmFYAQVCVmMrUoA2P7zJ,[]
Rick & Bubba,3kwgO7of3NZcCCNBMFzdXy,[]
Radio Cult,60blokoOz4YzNS3szRFqCc,[]
Amadou Diagne,2zPsUVCPn1EFeswz8xzkVq,[]
K.O from the Pilla,3fQoeftfpuKnrKqKPMvqFn,[]
Dan Griffith,6OqYK2O1Qp24aw7k2Id3Uk,[]
Hurracane,5fpwCsgCdnbromqyi6NbNi,[]
GOE,26PK1xrvehA1ZbOI2WemwS,[]
Dueto Teloloapan,1yZn4doDF6o9drr9rj434P,[]
kingwoo036 da God,6EvOGMwt6EdCr2xnXE9grl,[]
The Lunokhod,00rCz1hFGJ6nxaPF9wPCTG,[]
The Click,3s1xcekYgnSkBm8QK1uBYD,"['gangster rap', 'hyphy']"
Paty Cantú,7K9rdoOJSiKXoVXPlSkGKT,"['latin', 'latin arena pop', 'latin pop', 'mexican pop', 'pop']"
Era Istrefi,4poL7YCSkG7kMnWjAdDU91,"['albanian hip hop', 'kosovan pop']"
Freeway Donny,4sKiewgwo96fio8AWY8u8k,['cali rap']
Chuck,6VdSwzOeH5cqrYMeDJd20L,[]
GOE,26PK1xrvehA1ZbOI2WemwS,[]
Eddi Reader,0T3UHijKhYdE2O6r06URan,"['british folk', 'new wave pop', 'scottish singer-songwriter', 'solo wave']"
Iamtakeover,1K2GiEekvVRbw48p1QaroU,[]
Galleon,51DIzOpPRD0WoDHzZrcBal,"['neo-progressive', 'symphonic rock']"
YoungBagChasers,2GzyKAB2qWkYXeuk0RtYYw,[]
Sir Savage,12DanENOgLAsRgt9JVb6fQ,['philly drill']
Rasheeda,3x6gZfwmkDn92EKOwnYq4H,"['atl hip hop', 'hip pop', 'pop rap', 'southern hip hop']"
Rt Taylor,0KFqAWjvBIV1ihv9ndtGFu,[]
Baby Dayliner,5hopzf5N6uMTX0Ebs9VhQ8,[]
Chandler FX,3eB9qB5UiWAprUOi6aO8LR,['workout product']
GOE,26PK1xrvehA1ZbOI2WemwS,[]
Andrae Crouch,3pxLSxg8klHu1L9d93cpq7,"['gospel', 'gospel r&b']"
Yung Smoody,6OMUVOShzVYSSnFdQPcwnm,[]
Original Soundtrack,3huVQoEWdqUTvlYpFVUHcF,[]
Baby Jamo,6zFixzuUUZYLye59Ajwfb0,['dmv rap']
Almo,5VGZaEDyRcqGfZdcfwcdoK,[]
Peter Gabriel,7C4sUpWGlTy7IANjruj02I,"['album rock', 'art rock', 'classic rock', 'mellow gold', 'permanent wave', 'rock', 'soft rock']"
deadmau5,2CIMQHirSU0MQqyYHq0eOx,"['canadian electronic', 'edm', 'electro house', 'pop dance', 'progressive house']"
Kevin Johansen,7qjoG7bwhAjSd7nJTcjgAk,"['argentine rock', 'cantautor', 'chicha', 'latin alternative', 'latin rock', 'nu-cumbia', 'rock en espanol', 'rock nacional']"
Londonbeat,0gcMPgunYh4rX1UOdvZKBn,"['eurodance', 'europop', 'hip house', 'new wave pop']"
M Theory,4Ak8oaHdkQpAhyu368T2tj,[]
Ralph Carmichael,4hdd6WRlN1EcACmO8ft0HZ,"['moog', 'space age pop']"
Various Artists,0LyfQWJT6nXafLPZqxe9Of,[]
Humble Pie,2CxLP749mup3ncPrXgCnvU,"['album rock', 'art rock', 'blues rock', 'british blues', 'classic rock', 'country rock', 'electric blues', 'folk rock', 'hard rock', 'proto-metal', 'psychedelic rock', 'rock', 'southern rock']"
Daniel Eli,14Tm6AC4ywxIkuMpOCpo31,[]
Culture Cutters,6X476Gf0SutcqLHLzv0YyM,[]
King South,5OASGjcRSVU0IAS1nf7VHe,['alabama rap']
Leon Chavis And The Zydeco Flames,6xfr4dc9rEAg5A9XChCGbv,['zydeco']
Finestyle,7yctVa4BppKi6Cg1TVAv3J,[]
Fatty StillKountin,23lWZnBuUmyer7dsfL3lbc,[]
Chuck,6VdSwzOeH5cqrYMeDJd20L,[]
Mother's Finest,3csSQdDVhJlP3BUOoZ2N2H,['funk rock']
Q Da Fool,17kq4sCvn1nVcVvWV9Ribi,"['dmv rap', 'vapor trap']"
Chuck,6VdSwzOeH5cqrYMeDJd20L,[]
Dan Griffith,6OqYK2O1Qp24aw7k2Id3Uk,[]
Chuck,6VdSwzOeH5cqrYMeDJd20L,[]
John Van Ness,4V01ryutv1MyRoR36YvY0D,[]
Giano,6opfE078aND2HYDCjRbRj8,['deep funk house']
The Dave Brubeck Quartet,4iRZAbYvBqnxrbs6K25aJ7,"['bebop', 'jazz', 'jazz quartet']"
Finestyle,7yctVa4BppKi6Cg1TVAv3J,[]
Travis,3bUwxJgNakzYKkqAVgZLlh,"['britpop', 'pop rock', 'rock']"
Double Rainbow,5KSxsw8686FghhBH6Sx3iM,[]
Dan Griffith,6OqYK2O1Qp24aw7k2Id3Uk,[]
Vicious,47eWvOWuTscQ1UG7W4PCwH,[]
Act,2AQ2Gybdjs0RDF0BIVV7gb,[]
Indigo Seed,6qUQUQUTTqQ32uV5LcOO0G,[]
Lucky Luciano,2v4JjFwbhEkHnXQdMPpyon,"['chicano rap', 'houston rap', 'latin hip hop', 'texas latin rap']"
Rob Giano,1yLGtHo9i96MrygaSBLDeU,[]
Greg Wicks,1zeBfwH9xm3qaXPVugnbgl,[]
Jay-T,6WdDInW2k1XRG2eKS3ww6T,[]
Chuckyy_103,5IS3q1zYC5E9gtBZSlTfLn,['new jersey underground rap']
Commissioned,48OvglGiae55NbGoi9rkXL,['gospel']
David Pataconi,3jy8XF3xA6p5WaGAjowKhF,[]
Fitzptheo,6ddvUWE8cON9kvkpaALhxO,[]
Noob_Memeus,2IeO0DgXkCMFjpOVl8KaJC,[]
Larnell Starkey & The Spiritual Seven Gospel Singers,3W6r0YiBaWjo8RrNWRQmJH,[]
Philly Heat,5CwoB7XzUFMwthLe1YekS6,['philly rap']
Tim Soucy,6fSvixjQmpfsf0nKFA4MNa,[]
Coco Skull,7nIT42hf1Si1gXDqPqoEWa,[]
Los Dareyes De La Sierra,1ZMJSCQw8DIefcLb1FIpY0,"['corrido', 'corridos alternativos', 'musica mexicana', 'nueva musica mexicana']"
DJ ShitStain,5pSXKMBGijp0TnNfua3BE0,[]
Yung 9,14tWaBo9LWx0mmjMJgmUaG,[]
Henry Mancini,2EExdpjU4SK3xnJHO5paJf,"['adult standards', 'classic soundtrack', 'easy listening', 'lounge']"
Billie Tasker,4G246pxc4YB8ZC2PkQhJWx,['workout product']
Daniel Phillips,0owdG5uucyUsMUhhGueTeW,[]
Beth Wood,4fqoq8NTd4wsQMf1g7MxbE,['contemporary folk']
Darrel Petties & Take 2,4e90NNoBzwfQewJC8iYz63,['contemporary gospel']
Daniel Phillips,0owdG5uucyUsMUhhGueTeW,[]
Daniel Phillips,0owdG5uucyUsMUhhGueTeW,[]
La Movida,4xkT8ctwERXxC4MojdHmHf,['tejano']
Los Falcons,2UODcsr0CoKJoDK8yNJm5V,['grupera']
Peter Burns,1jcjfXB9RqFOEUgdjObEmk,[]
Various Artists,0LyfQWJT6nXafLPZqxe9Of,[]
Various Artists,0LyfQWJT6nXafLPZqxe9Of,[]
Nick Cannon,480i0t8YiGc2aoOR6BeLAb,['pop rap']
TG,7qwOsGanRCnWgty6lX05P4,[]
Ygg Tay,3SATXUCtTdsgi9QDwDeqVK,['baltimore hip hop']
CiRcUs LiBeRtY,4I4rDrUIBB48EgmLfRBzgr,[]
Shadowfax,08b6RShfMPcbl6FQZx9ax2,"['fingerstyle', 'new age']"
Plu!,6Rrsyqvu6hyRxJnMuzSB1p,[]
Slaves To Fashion,32v5Cdl9tb2XeqCIfTS176,[]
Sebastian Mikael,4hknFHNFp3UMm2Rbc6Ansf,"['alternative r&b', 'indie r&b']"
Cali Kilo,6ZuIpFYVgYJ58ttpRvJvvw,[]
Noah Cho,7nwQ69aEYSj6D4Sv49iAyR,[]
K Pill,4W09pESfLacGDbYjpM8mhD,[]
Madisons,612k6b3Q7U7GgCAnLXp8sC,[]
Ozomatli,1An0HCtDktvCBDdFEu7HC0,"['latin alternative', 'latinx alternative']"
Rachael Sage,7EedWEoxpzbiPNkqkDp3Vw,"['ectofolk', 'lilith', 'new wave pop']"
Triptofan,1RiTb3IKxzbwz8va4KGAYK,[]
The Brimm's,450ZV723HDRIOFXX4HH6ib,[]
Keylo D,7wyOHzwj1tsHpQtWF3c1ko,[]
Simple X,0GhONAEJr4fnHV1PxXGFIi,[]
Nature's Rhythms,3Fg0fbbv9E6Q946bqxLm7S,[]
Koo Qua,09999tdU6qLmZauY805afd,['denver rap']
Finessed,0y4QHcbL9PTUxftcIhBGWY,[]
Swagg God Hali,2yqg8PAujyxdZWadkomDBL,[]
Various Artists,0LyfQWJT6nXafLPZqxe9Of,[]
Trey Songz,2iojnBLj0qIMiKPvVhLnsH,"['dance pop', 'hip pop', 'pop', 'r&b', 'southern hip hop', 'trap', 'urban contemporary']"
The Piedmont Boys,2ByDx6nGkAKOc4rtENrccF,['roots americana']
ewio,2RMNIoSsKH2YLX0LNGwTrF,[]
Bob Gallarza,0Q5K9s13NSrG3U1WlT2uyH,['tejano']
Dyce Jones,5PymFn2zY6JzkeZlemNJUA,[]
Chrono Apollo,1RFZ6GletkOFrcSy4Xh6Zq,[]
Patrick D.J. Williams,6CEoxTi9ZEwAndSRmE7XmD,[]
Various Artists,0LyfQWJT6nXafLPZqxe9Of,[]
Paris Street,08NgOOrJll4W7E7IS04CKC,[]
Nothing But Thieves,1kDGbuxWknIKx4FlgWxiSp,"['alternative pop rock', 'modern alternative rock', 'modern rock', 'rock']"
George Duke,3EB0uKE2lGw6BB1UFJrONl,"['funk', 'jazz funk', 'jazz fusion', 'jazz piano', 'smooth jazz']"
Manny Manuel,7gSCtDiDLABfTqTc1OYjKd,"['merengue', 'tropical']"
Deligah Grier,7D8XdISqmgBCuO3ZwvGwYC,[]
Stellar Road,1P9fFmrkI1CQdcQDruWNTz,[]
No Parents,2j0qkuLeLVZCVxjziTQLWI,['indie garage rock']
YELLOW MAGIC ORCHESTRA,2JIf5JxI3ypOSfrfNIIMQE,"['classic j-rock', 'electro', 'proto-techno', 'shibuya-kei', 'synthesizer', 'techno kayo', 'zolo']"
Daniel Phillips,0owdG5uucyUsMUhhGueTeW,[]
This Day Will Tell,31wMtLSulR1OGiYHIADgxR,[]
Johnny Rivera,3YUhNvMNTyZ65USgOFlq1p,"['latin', 'salsa', 'tropical']"
Daniel Phillips,0owdG5uucyUsMUhhGueTeW,[]
Daniel Phillips,0owdG5uucyUsMUhhGueTeW,[]
Ice Cold G,48vKCAkvk6god5F60Hpqi6,[]
Daniel Phillips,0owdG5uucyUsMUhhGueTeW,[]
Ratatat,57dN52uHvrHOxijzpIgu3E,"['alternative dance', 'indietronica', 'new rave']"
DragonForce,2pH3wEn4eYlMMIIQyKPbVR,"['british power metal', 'melodic metal', 'metal', 'neo classical metal', 'power metal', 'speed metal']"
Valeri Tumaykin,6WcOJpk1pzrCoXjlMtxdvS,[]
trenchbaby zayo,4jpZSiRnxfKrk1xC3IP4f1,[]
Daniel Phillips,0owdG5uucyUsMUhhGueTeW,[]
Chicago Mass Choir,4M506nGvYT0WhG0kbkGrla,"['contemporary gospel', 'gospel', 'praise']"
Preston Langston,0x5rCxydMC162y5YyR4rIc,[]
Dominic Lewis,3L0d5AOt1pZZ2HxjJ15p2U,['british soundtrack']
IBeDat,5JBWKPoFhYboFtFm3aadzG,[]
The Pack a.d.,2gbOUPIhea9nrCmAeZBgpo,"['canadian garage rock', 'garage rock', 'garage rock revival', 'modern alternative rock', 'modern blues rock', 'punk blues', 'vancouver indie']"
SBDonnyP,35ISCv7hDxqtDiZ1u808QR,[]
Big Idol,1OrAXmRZQ8RoDDXKD17JcC,[]
The Matt Eckberg Band,2DnxNHoxhb2ywDfonFESdp,[]
Celso Piña,6PmfbeAL7jAauFPNyQ5UPi,"['chicha', 'cumbia colombiana regia', 'latin alternative', 'mexican rock', 'rock en espanol', 'tropical']"
Noriyuki Makihara,3vVDusnDA0LcPH3NvZpoyM,"['classic j-pop', 'j-pop', 'j-poprock', 'j-rock', 'japanese singer-songwriter']"
Moby,3OsRAKCvk37zwYcnzRf5XF,"['downtempo', 'electronica']"
Rico Hundo,23D9Fjp8NMYm5LoPdqS2Hm,[]
Mir220,4UgHFvw9oBBVWWAweug5XK,"['philly drill', 'philly rap']"
Lil Na8,1JygLKyMevtU96P4b2raqQ,[]
Vincent Wilson,0EfMOyxb2RPIsHZTTBJn19,['contemporary gospel']
Julia Bardo,1hRs60foVmjwBiSesXnUdi,[]
Keynote Sisters,5pswlj88r5Kjlb3DyzOV1j,[]
Drew Cooper,2y3yXzCO868BrQwptqvjfo,"['red dirt', 'tucson indie']"
Monterey,74y4YJJdba2l0iR3zpo8jy,['traditional funk']
Lightshow,0bxqbGrU4OdgDQNGs9DYp4,['dmv rap']
Robert Wynia,7ckeKVk0eR75mpMBFRjmqE,[]
Jazzminshroom,4Ur85jF9A1PqxOO0aQlzaI,[]
Finessed,0y4QHcbL9PTUxftcIhBGWY,[]
Finessed,0y4QHcbL9PTUxftcIhBGWY,[]
Mikie Campro,63d8kL7EvkKW7Scmx8xWkx,[]
September,6VX2R9L0O0d6qPvqGuIH7b,"['dance pop', 'electropop', 'eurodance', 'europop', 'swedish electropop', 'swedish pop']"
Mo Bandz,0pwqJw2WEgBmdiMLdViXrs,[]
Baby S7one,4AIphxiKvuJeHFslyDlqgB,[]
Laura Bradley,3tpobJxn6RQfhiPZiIJsVT,[]
Minnesota Snipe,6Tbwf5a1z2eXuowBgTqyXH,[]
Chrono Apollo,1RFZ6GletkOFrcSy4Xh6Zq,[]
Phil Sosa,09HzEj56rGa0To0qEs48CE,[]
The Safes,0jhtuYbMKggEKOb4RIfhsB,[]
Greene Reveal,4WwiAuGznes1OqnqBISRne,[]
Swagger,0SYSWikyvvrbPzjOExKSAB,[]
Finessed,0y4QHcbL9PTUxftcIhBGWY,[]
Slaves To Fashion,32v5Cdl9tb2XeqCIfTS176,[]
Hothead Capone,0W9r6ebUbgO4J0vd8QS6YS,[]
Minnie Driver,5rNwd5kb1cxVBCQKnDO4b8,['lilith']
SPECAT,7oprsYj3x8D2feTKNdIbQ7,[]
Syby Shot,39gfN0HpawYFWDHI0tKwT1,[]
Dj Samuell King,3AP20rRg2GC9VwiuMbbZwQ,[]
Dj Heren,3w7Tq2akCcXlEr7Lg4bwVn,[]
Johnny Rivers,3TiISqKS6ESlMQ4WFfZJw2,"['brill building pop', 'bubblegum pop', 'folk rock', 'mellow gold', 'rock-and-roll', 'rockabilly', 'soft rock']"
Kaneky White,56z7lf6zRc6YYdbgrpRr2c,[]
Javion Denard,5DoSiYcuf7z1NNcrYY8QYu,[]
cglizzay,33rVPOEDbk8LIpSs9iHKpP,[]
Jay Ax,6iHjTKCyZJei9Vw5Bv9nHk,[]
The Matt Eckberg Band,2DnxNHoxhb2ywDfonFESdp,[]
The Streets,4GvOygVQquMaPm8oAc0vXi,"['birmingham hip hop', 'grime', 'uk garage']"
Itachi JL,0RyQNli7P38TtlTUqparuC,[]
Strome,1cnzsCaPaIVNP5IaSnqqMx,[]
Sean Kennedy,4Vco08oleBJvFDzhpee4r7,[]
Various Artists,0LyfQWJT6nXafLPZqxe9Of,[]
Crawdads,3wAuDvk0W1FoW9OO5DgyMj,[]
Pegaso Lan 09,2Z2Tg7dVMuZTL1OMaipzhy,[]
Highest,0a4p2CuW7mOVPqFHMOMa97,[]
Hillsong Young & Free,7m4gF38CPATtHrk5HS42WZ,"['ccm', 'christian music', 'world worship', 'worship']"
Pdo,3A8wJtfayuyGj5XrYQSNii,[]
Star Sky Streaming Music by Frank,2gHPQmJdHVJA3KXqdHVSMs,[]
Living Water,1WQ2jgsbHq2Y7e4OdmlH4r,[]
Maida Valdemar,3G79NUp6GaOPTnpSfk7W61,[]
Christian Rafael,5qwnJ6wu8cxVVIhBiaZzi9,[]
HBK Jachi,6J2vpDx717mieJKshTGuc5,[]
Slaves To Fashion,32v5Cdl9tb2XeqCIfTS176,[]
Riphouse,0RC6S3oiiVqDcXXVn7OwW5,[]
Richard Alberts,6mmZWwZ3Vqr9fVgTeZ1ZDJ,[]
Apfos,0i7gpIampMkUKUA4hjKZCl,[]
Bonafide Suspects,4upQwKkXBfMfkiUPkmU00a,[]
Los Nuevos Chavos,11cHvNDesnVhWZsGMajMEp,[]
Thomas Road Baptist Church,7FeDL2U3JCvrx58RuZSISx,[]
Generation Nowhere,4H0OoF9zHh8d46qdWJkPjW,[]
Ensemble P.J. Rhinegould,2tOR6A3fI02WnX9uwR7ukN,[]
Divine Nature,69LtxWNpIDgnuaQH507Xet,['contemporary gospel']
Jay Hen Gwoppa,5OfYH9Z57qkDZzbbiNWES9,[]
O. B. Buchana,0E1uq6DFT3bss7t2zndnrd,['southern soul blues']
Ian DvD,6RI08NN8VuoJu7xjWIPVac,[]
Yungun,6ICPVgr4ZNDwNx5yqx1Vrm,['uk hip hop']
Goldenboy Countup,1NZ3XpKTnR2pHYZ8NXs7zr,[]
uKnoWho,7qFS9wbkHt8T0SslYIgrD8,[]
Dick Jagger,4h0B4BvuZXMplYng6WlUwi,[]
Kannev,7po3BHmvAZc5NIeAR6zNtk,[]
Peersonile,2CKQ9vLTZaMVaYot7d1RZG,[]
Fleur East,37mtx80nMDETlbsq2eFCzc,['uk pop']
J-Eclectic,4xhXtRp6DT6h8Vsp72QFSu,[]
Ironwood,1a48brcmScXDADA9fWHaOf,[]
NYK,1uuSbghLOrbMN0eZqavFUn,[]
Shaniya Patterson,44ZK899QTaFRsAUfckPMcO,[]
Mike Brown da Czar,778RVzuwbbyE0brOJ4q0Q5,[]
Farshid Farahmand,7ihW5GmHrJuRETVvjSRfK6,[]
Supreme Allah,4kotxIjpahJUonlH2KyAWI,[]
Nonc Nu & Da Wild Matous,6WLaGxyLmxB0kKWC9ZKUty,[]
R.T.R Jae,78hm4BtifRj8NLY2hqZMwq,[]
CD4L Loco,4EBaEQzqP2VwNNz5iCo9Ce,[]
Only Real,5cyHu7tidauRJ9UawaPwG5,[]
Albert Gonzalez,3OeWhkZyjcbwtZDTUnkDwO,[]
Michael Hayes,5Rd1AHBQLYuSLBL6uTPMrG,[]
Teddy Ballgame937,1zAAPf2bAUyLy7OmKYBiVm,[]
Dean Roy,2IJotEJX9fUMYniX0oyNeQ,[]
Jazmin Sophia,5Hc4GRF8LfhnYl2teWPJHs,[]
Fred Lee Cole,2FRhhedtmj81KL7r9Dto2a,[]
The Winter Project,4nsXXUAWYPT3GBsQ20xSGX,['boston indie']
The Wormdogs,36k4iDdxR7jzdfPNRuG7El,[]
Bookie2Paid,4PiMQAJ4sGJ85483f36gHt,[]
Cannady Law Beats,66OoCty7kcvKoLqmFOtLgc,[]
The Frank Capricorns,6dS4VrCZkbQ56ivoaaLa7N,[]
Kevin Wendell,409JWI2RQEj4nqHtZW0evi,[]
TITAN BLACK222,75GjAATz2UpEqRe6R82JgQ,[]
Various Artists,0LyfQWJT6nXafLPZqxe9Of,[]
Young Hawk IA,7fVQjSgWDvNIfRdDURpTUT,['iowa hip hop']
Faye Adams,1bx4W3T0zPKzmsrRTvquWV,['rhythm and blues']
Red Dirt Revolution,3E6QXe6QCLbf3mAKvAtKAE,['red dirt']
Afterthought,57Iir1NKPEKKZkVZCXpSfb,[]
Juárez Mateo,08XPr5O6FWwDf3qIivXUcr,[]
Excoriate Four,34zJgIOMmVD40uJBublp60,[]
Iam Justified,5oL1boJOrLcqPhR0AzZuZz,[]
ItzRippa,6uyLAhtxsZ5kKboC9qLGVV,[]
Jon Frank,0LmFGjJwAGxrk7RMbfMlzF,[]
kingwoo036 da God,6EvOGMwt6EdCr2xnXE9grl,[]
Zebb Rogers,2YEkljhcxWibOLb98hyNM1,[]
Sleep Sounds of Nature,59FRAcMcsHQupc8lupy5uH,"['environmental', 'sleep']"
Akjela,354SJB6hzWi94T0ZdiNbof,[]
Nevos Tyler,6lVEdwEiwEBRXfGhcK6Flv,[]
Vv Drip,1T85JKdRnOvNIVY6grPxgR,[]
Harold Niana,2pPRX24ulbQrJByWAsSLRh,[]
Cosmica,2bpJ25Xva1Z3C4npGGO6ru,[]
JR Prince,0I4bOMXmMAgVCySsQsrW5l,[]
Various Artists,0LyfQWJT6nXafLPZqxe9Of,[]
Mack and Soul,4ZYKypvv9Hx6VfVh7RHIAP,[]
Subchvrge,4d2hQhWgH3Re4rOERMa3DH,[]
Raimie,19c96y3JOgERiYUZ8JUvbp,[]
Instrumental Hype Beats,2YHWcxf3HGtdVqgmnhyotY,[]
Lil Kye,5mtEG3Ju1qi7yV0jeBeoGY,[]
Hard Girls,6563mhGHsuAERWMRk9FSr8,"['indie punk', 'orgcore']"
Michael Hayes,5Rd1AHBQLYuSLBL6uTPMrG,[]
Ethan Charles,0miNVA3dN2M6NXmzumKR5B,[]
Isley Dexter,5vJweOgAQv9yOhgyeAHsoy,[]
Good Morning Jazz Cafe,55WniFK3Fs4B5G5wQNhkIL,[]
O'Dre Dee,4tKvd0polPEVmaTjH2irAB,[]
Harper Kirk,6oizUFOQXqEOOSJAqQRsCh,['harp']
MixxGod,7LMct07qB3O0BboLHnpNO2,[]
24Naro,42CPIi5dpK3IBdLql11v3i,[]
Chris Rice,0vD3f3r69jBB1bL6VWnGM2,"['ccm', 'christian alternative rock', 'christian music', 'roots worship', 'worship']"
Deadly Shadow,1vg94FkePIFTwlO90Rtd6Q,[]
Younginsosleaze,02M8bIxB70TDLqRZGS5g3o,[]
Mr.sipmodejuicee3x,6qayL5VfdwZ3Z3NaOKrYQu,[]
Sky Rey,39fUDCY5Q61IBYhJPZ9C9o,[]
Faremal,2gM4UgnBT5kMfMo0iAULHr,[]
North of Tomorrow,6fTiDIuPBspn8DMaNMXJEM,[]
ChiefyBaby,1FqCkyEFy1noQkIP8TJPMi,[]
Stephen Ashbrook,5A1zqHjMJykeutaVbsDHOv,[]
khiiihv2,7GLwa9sn8LekuTMveWC6I5,[]
Franklin Stone,3ndhUwGxKRZrOIfLzbypsZ,[]
Money Mont,4Vkssl0eQ3gLzIK7qH5rRw,[]
Jake Christian,7A8JSdSQYOI1Kaw4gjlXKg,[]
Hail The Sun,0XblvrTo6mnHOxWIP1t5T6,"['dreamo', 'progressive post-hardcore', 'swancore']"
PAXSON,6K3yQXRPeRObloSJlYYozS,[]
L.E.O. Byrd,7B5p26j7DsFsurdF4bda6r,[]
EKT 40,5vRrriPtaSMxBmpU2eMpO4,['ohio hip hop']
Jelislava Boroš,6VqBoOqvOsXCuZaCncGxZy,[]
J-Money 13,25Hm8SpBmSYNLaUcDZeM7X,[]
Chinese Lantern,2AekgzNAxuKJ9k3Ysi87Xz,[]
Johnny Rodriguez & Johnny Bush,3VymRY49IiQNV8k20fA9ym,[]
Diego Osaze,5jhhQceBwEKPEdyVhOI35w,[]
Vibe.94,3vxlAcSr0iwPKV8Ig7LYcW,[]
Solancy,6tpKPyCuX9XvgfSZMsiQbw,[]
Sherwood Marty,68oqXcD3rzLX1T7uDUEBdk,"['baton rouge rap', 'deep southern trap']"
Chain Station,2RXhIfThCJr5XpR1Aevrqr,[]
Macdoe,6GXmX0a0784uM50LID1QW6,[]
Chance Irwin,1Cg3PQCyVNmKNQKRC5FSEx,[]
Alessi's Ark,6XfS2HuVcetcK1aN5QufKg,[]
Myke Anthony,6xH5z35Ei3HSudE8SIFt6r,[]
God Street Wine,2uhs3nCegLYEslxiqKtUo6,['jam band']
SPB Newborn,3gIQo6k9dOH55icdmpBXW4,[]
Dinero Costello,2HC27mrJGdF8IUOBUKXCg5,['baton rouge rap']
Yung Smoody,6OMUVOShzVYSSnFdQPcwnm,[]
Finessed,0y4QHcbL9PTUxftcIhBGWY,[]
Crowder,39xmI59WrIMyyJjSDq6WCu,"['ccm', 'christian alternative rock', 'christian music', 'worship']"
Jean Philippe Crespin,1m9JucRccxarrlDYS7jz2f,[]
Courtside,5ut4niE4plaFYus0A1GfQi,[]
Porto Fino,1KBAMss5TbuIZUDf9STspe,['corridos tumbados']
ChaseUhCheck,6Yn8YiM5ddOF0WGzOfhmow,[]
VixEnt,5XhCaizthDZHKoVOFJW5E8,[]
Andrew and Mary Beth Jones,2yWKPOexvs62vXFAGWDMiA,[]
Jackson Capps,74QvCA3TlzCJDGWwzqQr55,[]
Savage Anc,17IwhKHYKGHs7QE6U4dWvY,[]
Bryanah Dazhane,0bM3SAaMhn1Qtzo7mBgANP,[]
Matter and Energy,4nI8wqhtfCFOYX3vvicEN0,['background music']
Mendymoose,4JgD9v7Ttib8IY7C4k7MEc,[]
Sara Copeland,0R1ySLGimb3RBKM8aXEQoM,[]
Percy Davidson,1qmpDUTf7enUgtn588IYx5,[]
The Sweetsers,18O72WW10oR4aTqBUTnFNI,[]
OT LOVE,0YIQSiFKY6GVmFjGl7RHCR,[]
Fetty P Franklin,2DAkZwVRDGLyC4fS29OuHq,[]
Buzzard Buzzard Buzzard,69ilUSFj31FA2iLHtegRwi,"['cardiff indie', 'welsh indie']"
Brendy Tyriek,1OoLajrpHgaBtFd06unwZm,[]
Dirty Dante,3ds7k20HNmgKh875nCnPE8,[]
Rvssian,1fctva4kpRbg2k3v7kwRuS,"['latin', 'latin hip hop', 'reggaeton', 'reggaeton flow', 'trap latino']"
Finessed,0y4QHcbL9PTUxftcIhBGWY,[]
Tricky Jones,7qEEMRo92MICFQQTjjW8tS,[]
Second Story Duo,41awsJ9Gs9Ah8d5uX37r3h,[]
Adrian Deniz,2dFHFW4SvRXJo70fhlcl5l,[]
:-$mackaddamzz,1nwVtraa3r63LFun1fhRE2,[]
Taylor Dayne,32lVGr0fSRGT6okLKHiP68,"['hi-nrg', 'new wave pop', 'soft rock', 'urban contemporary']"
Av The Great,41S3yEVi8Aq22sFz9iVYn4,[]
Finessed,0y4QHcbL9PTUxftcIhBGWY,[]
Rapture Ruckus,0YEt8MbsfCuhdm9FomLNqM,"['christian hip hop', 'christian pop', 'christian rock', 'nz christian']"
BijouXO,2fCU1pj4B7o1Z3Ld95IY1v,[]
Brndnlx,39jx82egvgGGN3PGoeiAo5,[]
Dom the Composer,124riAXX6GjRg3962NXhqj,[]
The Modest Pleasures,0m6ZBc5PCrqrRDZrNjy4fy,[]
Papa Duck,1EL9yJ4Qw69RSIqE8GwseG,[]
Jaze Asmar,2xGwpDI4pbEU4h1F8anECG,[]
Bobby Fato,41kL8snu8tMXhMl4ta7C73,[]
Finessed,0y4QHcbL9PTUxftcIhBGWY,[]
Xxxsolitario,6LAF0zawKII3MtQR12qD25,[]
Joyce Moreno,5644bJMU3NkJN0edhyHV3v,"['bossa nova', 'brazilian jazz', 'mpb', 'samba']"
King Shahid,4oIx8bVEvK7bOqOVluEZDS,[]
Ralphy Davis,5wY7YZCurjPiYRLP1N8GFp,[]
Goma Alamieyeseigha,7xqewPM4Hz0ItIAlhgJJwh,[]
Key Players,40IZCkA3FMid7gknfJn58f,[]
Angela Charles,4QNjVaQGorSX0NBuOVxghy,[]
Life In Your Way,2gVRTVZtjJWP90ZXRQHDZE,"['christian hardcore', 'christian metal', 'connecticut hardcore']"
Nekisha Lynzie,0912GmAgbCCXwIgj3uUgpP,[]
Ali Sheik,4jErNKhzv5jQk61h8VWNFV,[]
Berry C. Alcorn,0126aZdX5iZ2UOkSTWesPO,[]
Jayco Beatz,6Uf13CMuIinwjWQ9LUSqbt,[]
Ali Sheik,4jErNKhzv5jQk61h8VWNFV,[]
The Kitchen,4NLfBybcns5McaZSyio1oK,[]
Ocean Sounds,7g56xCsozigPH5OgmwinYA,"['environmental', 'sleep', 'water']"
D' Nairo,41JzhHBog7CQw3FVDcRhEn,[]
Buried Alive,4RxGncdbzjsbKLa9g5mVyB,"['hardcore', 'nyhc', 'portuguese metal', 'straight edge']"
Calling Morocco,6V2PDJDxeHDlkztgEhlLss,[]
Bryan Lazar,2hIYkzZkh9wRfB9PMesIFc,[]
David Arregui,3a1CRyYAEvNbMbmJ64TQzM,[]
Stream Jams,0FlEnAJN3opuBJC2JMzQWS,[]
Fistikuts,7DjSAONEcygumwHbdFm5g8,[]
DJ Blur,3QSVCxN9dlQ0Ueqf7psrcX,[]
Baby Sleep Lullaby Academy,287FE8v5FzLXizfkBpmo9J,['sleep']
Donkey Cartel,2dVdFlnSI4U2KU4z6PuLuk,[]
Marcellus Knicely,3gDMiFHUgTGwkYYQtfyzYS,[]
Big Flame Thrower,5fIxzKbuxweGNn4BFqmnWE,[]
Mbakara,397yAWtgt443gECmibCqRY,[]
The Weakend,5heNUDGMajze6TthJgvrDr,[]
PAYCHECK B4S,1sQeBpqa5FBwU5UUhBJz3r,[]
Jeso2much,7Ft0N7AsEt5eAf9R8IwKdk,[]
Mayuri Rahgir,57k7vNpZJpPQdIIeEhV42J,[]
Johnny Wakemup,5WFMDDg2WWOBOJl5MQSsij,[]
:-$mackaddamzz,1nwVtraa3r63LFun1fhRE2,[]
Cstn FBI Dark,1lXRI0e7AY4WVcd2OwDhbX,[]
steezy elite,4eog2BYPoVbhABJq6DIOg9,[]
Los Alegres De Jicayan,2YbDHAdUbOiDJYVs3fYvGN,[]
CoriDuzzit,0fqN9DqP1wZgInUeW2ZF8n,[]
Samuraii Jack,4eBiGI6EaDVcs54Rfp33Ck,[]
Sheyna Gee,05BcZCAQvpZCJSRqWFzSnF,[]
Divine KaHiL,4koo4toakTWBm4cDqGrWO5,[]
Kb_n0credit,5xy1Cpv0HdbgeYMigTx4L1,[]
El Jpeace,12wmhVyvcgTiKgSXeVH9CD,[]
Randell Leilany,5KXr0UEFlxauAN7oyfNWOp,[]
Mark Mac,34jItbyHwGdoQgtkV3DQgm,[]
Krysiwebb,6vHaFMFXKxz5OPDqLj67jr,[]
Mananes,0q5g09UGurpN5HUqyTqi63,[]
Sounds of Nature Caribbean Rain Factory,697cnii0MPSdD1zMTQcq7h,[]
MK Virgo,0bRxzxcCSb0daEUtByuRUw,[]
Victoria Luis,50OyhgXQ0L6eO9zGxaMKwV,[]
Bizrq,3j0PaNx9kb5zLaVTWOjjqv,[]
Dogs Music Therapy,7zOUqqG3b4xdYFBlh6I7se,['pet calming']
Ghetto Star,2iTaMNMDDPERMfucLRI2U3,[]
Cooper Glass,0Qm2vIhhJGhu02LtUioQ37,[]
Tchiya Amet,7rmyoEFGrRR7xyFemgmrme,['traditional reggae']
Bling Queen,16JsKECPdA0TB8CDjH7SI3,[]
Joe Nice,1XaSDwT4T6jgAd8stExNQW,[]
Knearo,2wgKRtcDdxoOPgyJugQY3Y,[]
Ohanna Psalm Bird,6qkfDhGm5yiDwzi2tt6W06,['israelite hip hop']
Milan Anton Agatič,0YQyd2IAuF8hq2BT3Guo42,[]
Sariah Foxx,32woSMRFpn6AqHvVa8MLpB,[]
Desirey Mira,4xGmxxDIgHdDfiuwHoKmlt,[]
Leatha Enid,2vWjUbMIZD0ba8yCdMk7xX,[]
Ricky Naranjo y Los Gamblers,3QHgVGehVrkjjbskHJqfKR,['tejano']
Mr.380,0fuykFYLUwKNKJsxjvTSeW,[]
Carmelyn Kinsey,2lv98GIH16DT3nI8Ge8Jii,[]
T.O. Style,6LaBTkRInGudf6vYQCsl42,[]
Housing Co.,38g7QzzHFdJ3VEZB4ch14E,[]
Lumma Ploe,6KYZrTWxIuNGJrpH2dHJX6,[]
Camille,6hsNjf74xnRURAohJZhHtM,[]
Orlando Rayleigh,6BlFZEqjCaRYYHJNjFqNpW,[]
Los Marceles,6W5nFR2v2Gz9hMnj5PrkdE,[]
Sir Gracious,3DC7Jxk6ddBjSyzesxWEyj,[]
Amayak Juhar,0iST9lAXVcBD88wrM1jFgU,[]
Mcaiiah,7k5DYMOdkRE8QS6NqnEql4,[]
Ali Sheik,4jErNKhzv5jQk61h8VWNFV,[]
St Spittin,0P6pmLmV8JosKisOQ9u2ZH,['west coast trap']
Irene's Entropy,3n0I0WyILDNu35WSGGVPv3,[]
TLG Dooda,4Iiaica4CyRhHprRDwdg9t,['cali rap']
Dj Maximiliano Brian,0YQV17sY9aKbVfTtvMPScx,[]
Maaster Finixx,3DUR6IwwcvSUkkjeh4TTD2,[]
Voodoo Dawn,6O8KDTdcIU64SXBC4Wxo3M,[]
2 Times,6YFiP8sOQVVsO6HWE78CI4,['kansas city hip hop']
YotyBenjii,0mlR6NWSoS3sLrdG4QhXQs,['cali rap']
Dj Karakarap,05u7XxgViXcb8QnjZQL1Re,[]
Berg Corey,4DiXjWzR6wAfWR4Q2Px9GR,[]
BIGBODYGANGWAY KOBE,5eAqd6x1yimvj5uLOX49qT,[]
Aleexa Kalif,1NnVSFK2aSJDCGXImX3Yt6,[]
La Quinta Estacion,7FZj349hdLfD6qzXkJLuAh,"['latin', 'latin arena pop', 'latin pop', 'rock en espanol', 'spanish pop', 'spanish pop rock']"
DC Powerhouse,4pND0uXIlO0hA7SLaWHSGj,[]
Tripp Hunt,6HlxUfmZ0Ekks5pIijzaLR,[]
RichAvePreme,3izJI1rESkeERhqkguDY0A,[]
Nitemare Records Presents:,1hd12bf3hAMIn45sFiOBTY,[]
Whitney Blake,6dpfwK7RqCG1y1rROkfxgX,[]
Morena Roas,1XbZ4bkBJ0dszUp9pfQPZY,[]
Joe Russo's Almost Dead,1YRc6fheTv1ocTyaZMzwEp,['jam band']
Ghostly Soundz,1Z5C73UXyhCp7Zvfbe8Y6A,[]
Native American Flute,0VaYChYezacJi7h3aCmcpG,['sleep']
MAC Streetz,0MdEpap0WP3iThg3m2U1UA,[]
DJ WYNTER ONLYRAPPERHEARDWORLDWIDE COKEBOY,1maWNfWjd5tdViITFNp5lj,[]
Zack Taylaaa,3mTzT38Gii0Kr6ed3SN8Fr,[]
Mike Powell,5zR5lJnOs09wid0B6k4Y7O,[]
Los Plebones De La Sierra,2ZpEdaZO0WFqmArcLb5Sr4,[]
Zaid Ponce,22Zr9KaCNsoZ2WNiY9magK,[]
Kasai Allstars,391GEzsFayFVG5aGEBkrtq,"['musique traditionnelle congolaise', 'world']"
infernal abomination,6NUHmIrpH1q0B9pq48HrgL,[]
Dorian Mcpherson,4r2Xho4IriCf66xXCQAQgn,[]
Rawk Dawg,0R5sKfsma2ufEDJp6lNfRV,[]
Swift Keys,1c4uDEqKYX9TMhv8K9wUui,[]
Skyler Ochoa,30Lo7qVC0tSxssQzspi2lx,[]
Sherea Daequan,1Gp81UFMt9bAjOLlcs59Ri,[]
Orgullo Guerrerense,5nnmFYAQVCVmMrUoA2P7zJ,[]
Lil Raff,79hMHkb9qW4Iscc3eH9eqj,[]
Mayank Dutta,0HmqzT82vdNrTsY7ptKeJd,[]
Megan Hilty,7ks2IcGrojAKIxnUdkHBGk,[]
Am3r1c4nPsycho,5eb6fNaxvTeVU8R8g4ujke,[]
Sammy Davis Jr. / Buddy Rich,29FIL4HOLKQEnlP8yn5gP9,[]
The Disco Biscuits,1sahk8ZhHF9FB59DMyDi8D,"['jam band', 'jamtronica', 'livetronica', 'philly indie']"
Damn Librarians,7ztYXA1YYPNGskPXn1A3p5,[]
Forecast,1N5VhXDzozB8XxFYr8LApT,[]
Matty Fresh,1eEoIucR0hYzBiKx6LWed4,[]
Yung Blacksta,5Z5wKtbkzsPmQv76aZTLaf,['texas latin rap']
Zinks,0v82ZUsEJQJ09YSip018Em,[]
Lil Kye,5mtEG3Ju1qi7yV0jeBeoGY,[]
Rain and Chill,7Fhhko71irKWbkQQ0WWI0b,['rain']
Savvy Unø,1086T2RCUzmwNtMTajri4X,[]
XHAIDEN,6Ww77VdxKxFRfrNX7JDlMC,[]
Marinda Mekhiya,6jpFE4PT5heBYR8rXTcylD,[]
Dany & Ashliee,0dcSQ4HB34l9Nwrqbwa5KM,[]
Fetticeni Feast'n,2YTPN3TnLPCXpzCVsGUr9K,[]
Freedomdeus Mostart,0CpCXLZY69sbIWfqunFOgj,[]
Mall Money,0cYS9hPc18frt4SJeanl5Z,[]
Lil Bouy,7GtaD6cfCsMtxSQDsJq9NN,[]
Laughing Matter,6CM4KxgdoBr8nM4P2u71S4,[]
Shawn Adaan,201G6Ydi8maeBI8SH1nQTK,[]
Lucy Bullock,3AQ9OO5qTS3vR3itUxj5jt,[]
Mg Sleepy,4Lf9xLId6Ho8TdXSmhllxW,[]
J57,3Ss72ttauFWT1yydtVIEH8,['irish underground rap']
Billy Joe Royal,4WFTfNjxQYskBioYk39r9n,"['brill building pop', 'bubblegum pop', 'swamp pop']"
Gannon,7frPtKx7nKA8wQdntCKH1R,[]
B-Twice,2aknSgLMTiBrapb3OeDYQl,[]
Quantum Elev8,2lPgUcefqthVjoT7LiE4BV,[]
Relaxing Music Therapy,7xbVj2U2bY22gyZnh04TlN,['sleep']
Thomas Hughes,32da64Orduy0G0P4DPMAPS,[]
Yoga Playlist,4s72nhCxR67vvjcXwBJlb2,[]
CD4L Loco,4EBaEQzqP2VwNNz5iCo9Ce,[]
AirB Meditation,1VHpiUTDB1O1qKWedIGjBz,[]
B.A.N.,0kl49aZd1paLkcwijmo6vF,[]
Wakabayashi,1NrNT0PHUjX4yRW2eE7rpJ,[]
Lil Nate Tha Goer,2etIU3hFiRxPDxFNB0KbOa,[]
TLoc,7CWGtVRPYDJVp97A5jzg0l,[]
Randy Meisner,00f43SIUld0KU349dnwsmC,['soft rock']
Meditation Sleep,1ooIrsAlsBmA0WsNLPqbri,[]
Fat da mistro,6I3GH1JYG8nE3KUfHexeWJ,[]
Mad Sin,0KeXahyB2g6PPQMG7sImjB,"['horror punk', 'psychobilly', 'rockabilly']"
Bryce Dessner,5HHKeO04SOcxUxjruFXf5l,"['21st century classical', 'american 21st century classical']"
ilyblyyck,5Alq3zqOKZL8SvwEFpaZOq,[]
OG CRIP Tow Current C,4wUS8bquFDhWzNfDoGPX5i,[]
Elijah Jaron,5E0jM30BEW9fYWc9tFBERR,"['christian hip hop', 'christian trap']"
Dinero Recio,4Aa9PGW1yDcvsUW66BxTta,['corridos tumbados']
SNT PTR,4YoBQYJOE8mz1u5QfJnz3x,[]
Druidsong,0SCnzVu4lKA6OEbp9OmRIG,[]
Adonis,5cfGRJ6ngriTEttuWhdBCt,[]
Southern Com4rt,1zVhn2ad7QYId8h1BE1LdK,[]
Drinking Water,116GpJEcUNT6RDruRfCbEu,[]
Trey Songz,2iojnBLj0qIMiKPvVhLnsH,"['dance pop', 'hip pop', 'pop', 'r&b', 'southern hip hop', 'trap', 'urban contemporary']"
Wild Echoes,0i689zJQJn77HJVSl4amSH,[]
LOVE BY NUMB3RS,6CBgctV1SXkftBFIzZv4SN,[]
Cole Harris,3Jfsmo8gaATDVI0Uzg5IhO,[]
Toadface,5lsvMPwR3bjyZblIe3h9EK,['experimental bass']
Rohmon,23hFZzaRKvo0MjtFSyPCHY,[]
Nelo,4WEShI3FkyGgGkX7vxRHZq,[]
$tacks bengi,585rdFOv0vijE2KdDCpKj1,[]
Jae the Kid,7eSk05c5k0URm6xdkjTUFj,[]
Komplex Mothra,3wwL6oUbHgREYitAFS1rdI,[]
King Ace,6Fe0RUsCkVi64STKiuR7nm,['chicago rap']
Nashville Cast,2NvmDZar6FF2CICK1yBS4I,[]
Terri Clark,0HLOP0AdsaWe5Pt5TNueGC,"['alberta country', 'canadian contemporary country', 'canadian country', 'contemporary country', 'country', 'country dawn', 'country road']"
MAX,1bqxdqvUtPWZri43cKHac8,"['dance pop', 'electropop', 'pop', 'post-teen pop', 'uk pop', 'viral pop']"
Little Milton,0MPtuQaV2GiRdLjAkPOaan,"['blues', 'electric blues', 'memphis soul', 'soul', 'soul blues', 'southern soul', 'traditional blues']"
Tell Me A Story Cast,6ULJpLbL7sBDkIQl8h8mvZ,[]
Diana DeGarmo,59eUYRRUA8EnmFBgR5kl33,['idol']
Sammy Davis Jr.,1NAWG3AngjBXyKbmPaz92D,"['adult standards', 'easy listening', 'lounge', 'swing', 'vocal jazz']"
Jay Sean,4pADjHPWyrlAF0FA7joK2H,"['dance pop', 'pop rap', 'post-teen pop', 'urban contemporary']"
Grupo Cohesión,3EUBoxvZxECWPBgiIRNMAz,['chilena']
Various Artists,0LyfQWJT6nXafLPZqxe9Of,[]
Son StyLa,24Zvjv1lUyKfTuFpwwI7dk,[]
Black Dog Prowl,2lr0R5vHGfI0C489h0r6qV,['dc indie']
A Story Told,0kMSrud2q1lDBgp43LwU54,"['pop punk', 'west virginia indie']"
Grupo Bagdad,31luI2YnnNPOemnrlDLJ8w,['gruperas inmortales']
Various Artists,0LyfQWJT6nXafLPZqxe9Of,[]
& Mc Ertan,4ILVKuE37gHWDCx9JQKEZy,[]
Manic Vertex,1xpa2EOO6ziSiYBqL3s9wB,[]
Tracy Chapman,7oPgCQqMMXEXrNau5vxYZP,"['folk', 'lilith', 'singer-songwriter', ""women's music""]"
Nashville Cast,2NvmDZar6FF2CICK1yBS4I,[]
Cancer Bats,10YNQq86z4shHwDSymTyWc,"['canadian hardcore', 'canadian metal', 'canadian metalcore', 'canadian punk']"
Flame,1S5ewTfZSmnpyJhmi1XZKw,[]
Son StyLa,24Zvjv1lUyKfTuFpwwI7dk,[]
CFCF,73IRHBhotETMmgvRCEyTCS,"['balearic', 'chillwave']"
Danny Elfman,5qBZETtyzfYnXOobDXbmcD,"['orchestral soundtrack', 'soundtrack']"
Manic Vertex,1xpa2EOO6ziSiYBqL3s9wB,[]
Michael Whitney Brown,3NlAHfGLPQaNbd5mPL8vuc,[]
Various Artists,0LyfQWJT6nXafLPZqxe9Of,[]
Star Beatz,1EmiWdNunzc8IgGCJy5f5V,[]
Viesta,6v5ec72DlecVntsmdGrs0R,[]
Alei Islah,77e0bU0LKeZ4AspZfRgq1R,[]
Son StyLa,24Zvjv1lUyKfTuFpwwI7dk,[]
GOE,26PK1xrvehA1ZbOI2WemwS,[]
& Mc Ertan,4ILVKuE37gHWDCx9JQKEZy,[]
Selda Köse,2I4ZECeU7LAQlqJiBRydvT,[]
Los Varones De California,4JtXEZQTssP9XfeaPbi8NF,"['corrido', 'corridos tumbados']"
Hot Sauce Johnson,2pJid8TsiqIZZkyVSerj7s,[]
Luis Fonsi,4V8Sr092TqfHkfAA5fXXqG,"['latin', 'latin pop', 'puerto rican pop']"
Mert Kültür,6LXMnsRXZLFRRBry3H5Uv4,[]
MAX,1bqxdqvUtPWZri43cKHac8,"['dance pop', 'electropop', 'pop', 'post-teen pop', 'uk pop', 'viral pop']"
Various Artists,0LyfQWJT6nXafLPZqxe9Of,[]
Various Artists,0LyfQWJT6nXafLPZqxe9Of,[]
CeeLo Green,5nLYd9ST4Cnwy6NHaCxbj8,['atl hip hop']
LOBG,0G5T3ZLbioH8mUDbcOQUUa,['south carolina hip hop']
This Is The Kit,0ZUyFEafMwocvApBjTXvdo,"['bristol indie', 'chamber psych', 'indie folk']"
Son StyLa,24Zvjv1lUyKfTuFpwwI7dk,[]
Carlos Y Jose,2IRfUbSEqoOzedNHXVD1Xb,['norteno']
Michael Schenker,0W36oDVidsOqEIAKUJV4dY,['german hard rock']
Alei Islah,77e0bU0LKeZ4AspZfRgq1R,[]
Architecture In Helsinki,60eT7q88iLWKnuSXed1AGr,"['alternative dance', 'australian indie', 'dance-punk', 'indie pop', 'indie rock', 'indietronica', 'new rave', 'shimmer pop', 'stomp and holler']"
TG Kommas,0QtTAKI96I6w8ByQIY3QQv,"['baton rouge rap', 'deep southern trap']"
La Castañeda,7fFzUTQmuK6dcxov1opn5Q,"['latin alternative', 'latin rock', 'mexican rock', 'rock en espanol', 'rock urbano mexicano']"
Joey Tapz,6auLa6Lr1THidBzXXtsqc7,[]
Rare Essence,4vKZXZH0eDibGsDxMVzZDh,['go-go']
Los Cocuyos de la Sierra,2OwI6rG6TLK5H0Oj6iyZ2F,['chilena']
Joey Tapz,6auLa6Lr1THidBzXXtsqc7,[]
No Retreat,0J4tA1Gmekti3ttfkeo7K1,['pennsylvania hardcore']
Former Informer,5FUDgSJtgaCkXKkFiplfl5,[]
Blackjesus Yoshua,2Dy3fOAUcKb7G3NdUcQuEG,[]
YM SHOTTA,1ZLhu0YmGuqJdvEZenLZdx,[]
The Lunokhod,00rCz1hFGJ6nxaPF9wPCTG,[]
Julia Jacklin,12fRkVfO2fUsz1QHgDAG3g,"['art pop', 'indie folk', 'indie pop', 'sydney indie']"
The Runaway Hamsters,3ggl1CTNZ44B33kMwA5CXK,[]
Dangling Chords,6iHVgrgwKvmzAnM3UnXEZI,[]
Davonte',0eXRtk1OiMbe7AvnBw9g2T,[]
Bangman,7nDntPhJJ6NMo1lQRlNNus,[]
Various Artists,0LyfQWJT6nXafLPZqxe9Of,[]
Joey Tapz,6auLa6Lr1THidBzXXtsqc7,[]
David Otero,4cA5JN7tiNZ8afYeuSQj5h,"['latin arena pop', 'latin pop', 'spanish pop']"
John T. Wurzer,4QvUjxWJGxOnNCBfjofNQ9,[]
Ellen Doty,0hdsFTHg1NJDgqujLLpY0g,['canadian modern jazz']
Los Ilegales del Bravo,0ZiQNQSmanB6vuoaibRoip,['deep norteno']
J-Wonn,0EePyJpLbQopStamceVusG,['mississippi hip hop']
Ruff Maab,6LDrGuj27yWlwh8GuqL5wu,[]
Tim Soucy,6fSvixjQmpfsf0nKFA4MNa,[]
Los Traficantes Del Norte,7HTFnYAjiVdJNmiYteMPdl,['deep norteno']
Enya,6uothxMWeLWIhsGeF7cyo4,"['celtic', 'middle earth']"
Chalie Boy & Tite,5ZdzrQkB6DQMrYshuHMLDY,['houston rap']
The Powell Boyz,5SXH4Oo3pDEmGMJNCIxChE,[]
Naleigha Nabeel,4uJQ0wxdqYU8XpicpnVbwe,[]
Mary Black,25W55yzID8F5bRKG8Zg2IA,"['celtic', 'folk', 'irish folk']"
Molly Hatchet,4ZqBwBVB3dsYWL3d5Spi10,"['album rock', 'blues rock', 'classic rock', 'country rock', 'hard rock', 'rock', 'soft rock', 'southern rock']"
Kapena,5ApzCoihjAuHAfGVoVqv61,"['hawaiian', 'jawaiian', 'pacific islands pop']"
Wampeters,17Bz2vZSAdlPNorYqylhde,[]
LaShaun Love,1fo7NK0K2t82yIvc2cQSPU,[]
Son of Faust,3AV0sJ4nbnB4R5gYzznPut,[]
The Jazz Thieves,0GEQiHEwDMHnb718bgpG0q,[]
HYPE TOWN DJS,3dBI0ywCFxLmA18RMzBojw,[]
Jonathon Brandmeier,0sV1rLjpuyA1MJMoXC5hWA,[]
P.O.D.,6KO6G41BBLTDNYOLefWTMU,"['alternative metal', 'funk metal', 'nu metal', 'rap metal', 'rap rock']"
D-One Tha Chosen,23ASgXYaK5LAyE5hqspVXm,[]
Conjunto Arroyero,3t57wx00MMpK19IW7R3TUU,[]
Dat Boi T,4VIcSZlwRxIF6gPgtwSrbq,"['dirty texas rap', 'houston rap', 'texas latin rap']"
Keshana Riannon,7BDhqcKt0w0jaZAYLbP0jv,[]
Juventud Y Sus Teclados,2tCVBNdi63eJKWIVedAryw,['chilena']
Ruff Maab,6LDrGuj27yWlwh8GuqL5wu,[]
ZHG Juwop,2N5G51SsGIZgfK794ToXdn,[]
N-Sane,16IXfsmnHihTdRaQZtUube,[]
Yung 9,14tWaBo9LWx0mmjMJgmUaG,[]
Flaco el Jandro,2VVgC1jDpquqRzWjRlaqf6,[]
GOE,26PK1xrvehA1ZbOI2WemwS,[]
GC Classics,193nqYWcWu1IrTmQ9VSLZG,[]
Sons of the Pioneers,1gfIkFZ4hIs2gETkRVaY68,"['cowboy western', 'traditional country', 'vocal harmony group', 'western swing']"
Krazy K 503,4ezAHXbqUg5JJmhPQdKRad,[]
Blayne Clower,6PfDM1s5UNL6FZKGq0q2vU,[]
ZayBang,4knZcINThe7rbCYx0FVewG,"['cali rap', 'west coast trap']"
Collins and Streiss,6Q6nA0UwKA5QItPxAmU80w,[]
Dswerv,2jC3jRMuJYsIVOFCM8AKjp,[]
K.O from the Pilla,3fQoeftfpuKnrKqKPMvqFn,[]
Smokey & His Sister,5dUJnnAKqH2CRQR2oHQO74,[]
Iced Earth,3KEixcRfBS5K3E91Vn1Kdy,"['hard rock', 'melodic metal', 'metal', 'neo classical metal', 'old school thrash', 'power metal', 'power thrash', 'speed metal', 'us power metal']"
Zo Bandz,1GCPfSR5oKzAEtXBFutDNw,[]
張羽偉,46Y7GTrDD6yBgWt07pHqyK,['taiwanese indie']
Nbf D1,676tEuUqvMOvaamMjvuTwr,[]
Sonson,5fqxSk28Yc34R5suBUI4bj,[]
Dj Jessus Mix,5zZCm6lQkYv7ieA6LCZXec,[]
Jean-Luc Ponty,3SInttLnvf5G4Aa95aAYPr,"['art rock', 'french jazz', 'jazz fusion', 'jazz violin', 'progressive rock', 'rock progressif francais', 'symphonic rock']"
Itachi JL,0RyQNli7P38TtlTUqparuC,[]
Dj Saull Black,0uAAXZXfvRpsIX23cM69cq,[]
Sonson,5fqxSk28Yc34R5suBUI4bj,[]
Acoustic Syndicate,7cHBgZyVbNG75ZCo8VzD4W,"['banjo', 'bluegrass', 'jam band', 'progressive bluegrass']"
Yzaiah Jordan,4o8ISxT4Q5UyPEZxXltFID,[]
La Maravilla Flow,4jHvzawNiZAMaIk5JhIxvg,[]
Sterl Gotti,5kkWJuBDaVv2TBuDCcg7EP,['detroit hip hop']
Sonson,5fqxSk28Yc34R5suBUI4bj,[]
Sonson,5fqxSk28Yc34R5suBUI4bj,[]
Flowers On the Grave,2qzDfGIiff8HiI04hjANtD,[]
Anabella Vaughn,0bTZSIycLWf2Vni1eiPlBw,[]
Sonson,5fqxSk28Yc34R5suBUI4bj,[]
Sonson,5fqxSk28Yc34R5suBUI4bj,[]
Saweetie,6cK3NBO6uP7hh0oyuVELFl,"['cali rap', 'dance pop', 'pop', 'pop rap', 'trap queen']"
Bonafide Suspects,4upQwKkXBfMfkiUPkmU00a,[]
Dj Kasandra Nenan,0CcArd18nfzynm4oGNtxVJ,[]
Alex G,2WWTUZ3LpcAAPhSEz3H0rg,[]
YaBoi DaCoach,6Aj0ZcjIopR4QehbhaxNwD,[]
$hady P,45s2A4NF8PGU9h2fTjYll7,[]
Mula,1GANWZHwCvVUzz3MuaE39V,[]
Quickk,5fWSTE57g51mGF0yI71pzX,[]
Benji Brothers,7tYH4DanKe3tDiL5NUmBhL,['st louis rap']
Adolfo Owen,1z9MtL7HiAugyBRphGgJ8y,[]
Swagg2100,3u88tAjGNyji0zwdU0Wnjs,[]
Luka Antonov,02zfOV0ohBcu9TTeycpI4z,[]
Chanté Moore,77OlE8SkEHDkJczfswzDFo,"['contemporary r&b', 'hip pop', 'neo soul', 'new jack swing', 'quiet storm', 'r&b', 'urban contemporary']"
Coutney Kanye,6qtJODroxcrCWpmtaw9Jni,[]
Pamala Ballingham,1fS9XyIWHYwRWhyTYsjktN,[]
Lonnie Hunter,2glqJQviC9FrNMPUHNi6aX,['praise']
Various Artists,0LyfQWJT6nXafLPZqxe9Of,[]
Rasheed,5Sn0h0yQFrY0QTvHztFFHI,"['dirty texas rap', 'texas latin rap']"
The New Revenge,1HzHC6rDWGHzexBWLn8sVa,[]
Jazzy Kennedi,40M9m92RyNT0N5WQatUyJ8,[]
Seattle Marimba Quartet,2qx7MXPTOT0lcUSH6oq4Da,['marimba']
Saturnalias,7xpJvne4JnQJQpaLB9hIOV,[]
Walter Martin,1HvCWUrKX1xKeT3yQXjPeI,[]
Rilie Theotis,0MC5jsTIGl8KnPdQekxhe3,[]
The Warren Brothers,7poSFA4hdvuT0J4mwTfA3D,['country road']
Juicethegod,1GIy2TphgA3IHQbz7vdAlH,[]
Storyhill,3thSq4dSINRcqx9gndYfJp,['montana indie']
MILES KELLEY,32uKONDZSYs3M985Ro0OPQ,[]
alt!,2JUbvars1Q5hnkRa8IglAa,[]
Baltimore Bigz,3MWCEMllqQHdEm0sZDpXYM,[]
Bharlie,58LKVYhNwUdofHHMqa3uFj,[]
LawDatt,2J2tFyc2DC2ivkjMxraD5m,[]
Desmond Ferguson,0wRoqZdIqVQGzwvjzvJer0,[]
Elijah Wallace,4Ge9PS49G3qSU6A4MrD6PO,[]
G. Love & Special Sauce,74fkl73HDlCXw0l6cemB89,"['jam band', 'pop rock']"
YungStone,4egPLBPtk56wEUMNU2Ax07,[]
YTM Lilvent,19a3CyNYu4XK3SFPh8ICCP,[]
Fruition,4dDqxbEKfPN3RZYrGr36y8,"['deep new americana', 'jam band', 'jamgrass', 'new americana', 'progressive bluegrass', 'stomp and holler']"
OD Flacko,7hvxLlFiNwWYxPfBXiQ05g,[]
Various Artists,0LyfQWJT6nXafLPZqxe9Of,[]
Philly Heat,5CwoB7XzUFMwthLe1YekS6,['philly rap']
Kickkone,0TienkKQZW15SskWsr9GY3,[]
Seckond Chaynce,1Scv2VH4bC1sk2jBvp5h1H,"['country rap', 'redneck']"
Rockstar Mafia,0edLgbRPu2opyGHYjnWKqu,[]
Lor Scoota,1CT7nOSBInPHjbrZrgCHos,[]
Lor Dae,0InaCMMF2gSFhtupypPkVl,[]
JayDubbed,46eg3mBJawOUvYTW7NEdmc,[]
M.Simile,6MB3D3OaMTzoN1yIt3qvxR,[]
T00M3R,6moCvEDohdzL8WXfd8jREa,[]
Rob Tognoni,09eNSBkVhCYr9i965i6fnd,['power blues-rock']
Bonafide Suspects,4upQwKkXBfMfkiUPkmU00a,[]
Hila Waleska,5tkC2vGwXp8v2EdAXPh4Ew,[]
Rsb poopie,0wdgPddLWDdV8sK25Qcs7O,[]
Josten Derral,6C538efDrxDG3HE9d4q2dF,[]
Diega Reeda,4WY34tPWuSlDBjgW1qwzCt,[]
Gary Allan,37W8SKV5Vc8lcGtdyWCA5m,"['contemporary country', 'country', 'country road', 'country rock', 'modern country rock']"
OakTown,0cMzabFlaPkB8632XqCEox,[]
OG CRIP Tow Current C,4wUS8bquFDhWzNfDoGPX5i,[]
TCB Bounce Beat Kings,6QoPapOk9izriQmEGamap3,[]
Daduworld,1vrrSMQTcZLNX8IHqLHzry,['kansas city hip hop']
Dj Heren,3w7Tq2akCcXlEr7Lg4bwVn,[]
Twinnski,5kzZPmt4rMCkEGni9PCZZc,['dmv rap']
ALLBLACK,1cutd8e41XvxXnFPOFIxMD,"['cali rap', 'hyphy', 'west coast trap']"
Brian Adelardo,7239rkddVrjZLcHwUD7Lyr,[]
Various Artists,0LyfQWJT6nXafLPZqxe9Of,[]
Various Artists,0LyfQWJT6nXafLPZqxe9Of,[]
Andrés Jiménez,2x21EDzlsqOkNr0GpiZM5I,['musica jibara']
Zucchero,2KftmGt9sk1yLjsAoloC3M,"['classic italian pop', 'italian adult pop', 'italian pop rock']"
SK Luchiani,5BkSUo8SZ5i5KsEI4vc39g,[]
Pankaj Udhas,4Qpbhxe0sO2zhvUVfODdZw,"['classic bollywood', 'desi pop', 'filmi', 'ghazal', 'sufi']"
Rainy Milo,1REDP8H8JsNmj46Ps2O8r2,[]
Alex Alavi,3XFIbc9yn3LWD9jG6vMofS,[]
Baldenna tha King,5sEatoqof8AiLMZqJbqGak,[]
Jonathan Calhoun,3Khzhb4a6JkEQmu41mth5p,[]
Bombay Beach Revival,1W7pMXb6n6ZUUM9Axqi9tL,[]
Baby Jamo,6zFixzuUUZYLye59Ajwfb0,['dmv rap']
Finestyle,7yctVa4BppKi6Cg1TVAv3J,[]
Showtimelock,45MufL0LHykmL28wRlVrfe,[]
Bombay Beach Revival,1W7pMXb6n6ZUUM9Axqi9tL,[]
Toy Boy Smitty,5quKSXToBLb4dSOAgbbFKI,[]
Hannah Herrera,7ENsMzWIWZ8IduTBNZadWz,[]
Truestory tweez,2FahiFy8g6EFFdxbDRHPtc,[]
Magica,4NBjLA1DgXKrs6fPoyXkAM,[]
Camila Delgado,1Qln8K69DO08SCVGCpU2tQ,[]
Yung Shadøw,2pLDTWXQaRCbuhLSZOeJS9,[]
Grupo Nuevo Convoy,5qeOM0ewvmHxxilikxE6IY,[]
Prong,6SER9tY2pDIDVWVf5Ql97B,"['alternative metal', 'groove metal', 'hard rock', 'industrial metal', 'industrial rock', 'metal', 'nu metal', 'old school thrash', 'rap rock', 'thrash metal']"
sietegang yabbie,2vZFGtnhq7Qgc2pBKVXeBZ,[]
Sagi Rei,14P2FhDt3wjCMSYCoWcv7U,['italian adult pop']
Slingshot Dakota,22z35Pg6hVKGm3pn84nyHU,"['bubblegrunge', 'diy emo', 'indie punk', 'philly indie']"
VENMC,1MaKrDSmq6GXwpD7a99Xe3,[]
Baby Jamo,6zFixzuUUZYLye59Ajwfb0,['dmv rap']
Dj money handz,2w38qGtZRBewFGF5a6WEzM,[]
Gannon Fremin & CCREV,0P3JEHMidLKLqAHuFd7Qf8,[]
Tyson James,1y5jzAFGwRwzBQq7QnqyLE,['maga rap']
Pave,1EDuAkQLxBqws7vD2AL9au,[]
Jquintana el Imparable,5kYAxgauoNIdy3RvzyxCGz,[]
Glockboybaba,6N2rfDdwu5Tgg8IcGrI6jM,[]
"Good Girl, Bad Boy",39FGvNZoHpW4Tq5j5ntjm9,[]
Talen Talea,3ohtRCKZMuilwRb3E4VYBd,[]
